{"crs": {"type": "name", "properties": {"name": "urn:ogc:def:crs:EPSG::25830"}}, "type": "FeatureCollection", "features": [{"geometry": {"type": "Point", "coordinates": [725366.769, 4373310.348]}, "type": "Feature", "properties": {"available": "5", "name": "002_CALLE_SALVADOR_GINER_CALLE_MUSEO", "updated_at": "09/04/2018 05:09:16", "free": "10", "number": "2", "address": "Salvador Giner - C. Museo", "ticket": "F", "total": "15", "open": "T"}}, {"geometry": {"type": "Point", "coordinates": [726116.944, 4372999.585]}, "type": "Feature", "properties": {"available": "3", "name": "005_PINTOR_LOPEZ_PZA_POETA_LLORENTE", "updated_at": "09/04/2018 05:09:16", "free": "12", "number": "5", "address": "Plaza Poeta Llorente", "ticket": "T", "total": "15", "open": "T"}}, {"geometry": {"type": "Point", "coordinates": [725149.845, 4372296.059]}, "type": "Feature", "properties": {"available": "10", "name": "010_CALLE_DEL_HOSPITAL_FRENTE_CALLE_HORNO_DEL_HOSP", "updated_at": "09/04/2018 05:09:16", "free": "5", "number": "10", "address": "Hospital - Horno del Hospital", "ticket": "T", "total": "15", "open": "T"}}, {"geometry": {"type": "Point", "coordinates": [725649.875, 4372351.711]}, "type": "Feature", "properties": {"available": "2", "name": "011_PZA_AYTO_CON_CALLE_COTANDA", "updated_at": "09/04/2018 05:09:16", "free": "25", "number": "11", "address": "Plaza Ayuntamiento - Cotanda", "ticket": "T", "total": "27", "open": "T"}}, {"geometry": {"type": "Point", "coordinates": [725886.009, 4372445.348]}, "type": "Feature", "properties": {"available": "3", "name": "012_CALLE_MINYANA", "updated_at": "09/04/2018 05:09:16", "free": "17", "number": "12", "address": "Calle Salv\u00e1 - Calle Poeta Querol", "ticket": "T", "total": "20", "open": "T"}}, {"geometry": {"type": "Point", "coordinates": [726155.487, 4372463.775]}, "type": "Feature", "properties": {"available": "15", "name": "013_PZA. ALFONSO MAGNANIMO_CON_CALLE_LA_NAVE", "updated_at": "09/04/2018 05:09:16", "free": "9", "number": "13", "address": "Alfonso el Magn\u00e1nimo - Nave", "ticket": "T", "total": "24", "open": "T"}}, {"geometry": {"type": "Point", "coordinates": [725404.105, 4372098.033]}, "type": "Feature", "properties": {"available": "17", "name": "014_BAR\u00d3N CARCER", "updated_at": "09/04/2018 05:09:16", "free": "3", "number": "14", "address": "Huesca - Bar\u00f3n de C\u00e1rcer", "ticket": "T", "total": "20", "open": "T"}}, {"geometry": {"type": "Point", "coordinates": [725755.339, 4372121.702]}, "type": "Feature", "properties": {"available": "1", "name": "015_RIBERA", "updated_at": "09/04/2018 05:09:16", "free": "33", "number": "15", "address": "Ribera - Plaza Ayuntamiento", "ticket": "T", "total": "34", "open": "T"}}, {"geometry": {"type": "Point", "coordinates": [723694.722, 4374795.329]}, "type": "Feature", "properties": {"available": "12", "name": "228_AVDA_NICASIO_BENLLOCH_ESQ_CALLE_L'HORTA_SUD", "updated_at": "09/04/2018 05:09:16", "free": "3", "number": "228", "address": "Doctor Nicasio Benlloch - L'Horta Sud", "ticket": "T", "total": "15", "open": "T"}}, {"geometry": {"type": "Point", "coordinates": [724029.017, 4374739.671]}, "type": "Feature", "properties": {"available": "6", "name": "229_CALLE_AITANA_ESQ_AVDA_BURJASSOT", "updated_at": "09/04/2018 05:09:16", "free": "10", "number": "229", "address": "Aitana - Florista", "ticket": "F", "total": "16", "open": "T"}}, {"geometry": {"type": "Point", "coordinates": [724713.645, 4374942.378]}, "type": "Feature", "properties": {"available": "9", "name": "230_CALLE_POETA_SERRANO_CLAVERO_EQ_GENERAL_LLORENS", "updated_at": "09/04/2018 05:09:16", "free": "6", "number": "230", "address": "Poeta Serrano Clavero - General Llorens", "ticket": "F", "total": "15", "open": "T"}}, {"geometry": {"type": "Point", "coordinates": [725414.648, 4374998.531]}, "type": "Feature", "properties": {"available": "12", "name": "231_CALLE_DE_ALCA\u00d1IZ_ESQ_CALLE_CAMBRILS", "updated_at": "09/04/2018 05:09:16", "free": "3", "number": "231", "address": "Alca\u00f1iz - Cambrils", "ticket": "T", "total": "15", "open": "T"}}, {"geometry": {"type": "Point", "coordinates": [725838.062, 4375169.408]}, "type": "Feature", "properties": {"available": "7", "name": "234_PLAZA MUSICO_ESPI_JOSE_ESTEVE", "updated_at": "09/04/2018 05:09:16", "free": "8", "number": "234", "address": "Plaza M\u00fasico Esp\u00ed", "ticket": "F", "total": "15", "open": "T"}}, {"geometry": {"type": "Point", "coordinates": [725526.985, 4375332.096]}, "type": "Feature", "properties": {"available": "6", "name": "235_CONDE_DE_TORREFIEL_CECILIO_PLA", "updated_at": "09/04/2018 05:09:16", "free": "9", "number": "235", "address": "Conde Torrefiel - Cecilio Pl\u00e1", "ticket": "T", "total": "15", "open": "T"}}, {"geometry": {"type": "Point", "coordinates": [725100.155, 4374988.713]}, "type": "Feature", "properties": {"available": "4", "name": "236_RIO_SEGRE_RAFAEL_COMPANY", "updated_at": "09/04/2018 05:09:16", "free": "11", "number": "236", "address": "Rio Segre - Rafael Company", "ticket": "T", "total": "15", "open": "T"}}, {"geometry": {"type": "Point", "coordinates": [723420.161, 4374708.078]}, "type": "Feature", "properties": {"available": "15", "name": "241_VALL_DE_ALBAIDA_PEATONAL", "updated_at": "09/04/2018 05:09:16", "free": "0", "number": "241", "address": "La Vall d'Albaida - Corts Valencianes", "ticket": "F", "total": "15", "open": "T"}}, {"geometry": {"type": "Point", "coordinates": [726199.811, 4372246.206]}, "type": "Feature", "properties": {"available": "8", "name": "016_COLON I", "updated_at": "09/04/2018 05:09:16", "free": "12", "number": "16", "address": "Col\u00f3n, 60", "ticket": "T", "total": "20", "open": "T"}}, {"geometry": {"type": "Point", "coordinates": [728254.851, 4370316.791]}, "type": "Feature", "properties": {"available": "1", "name": "51_PSO. DE LAS MORERAS", "updated_at": "09/04/2018 05:09:16", "free": "19", "number": "51", "address": "Moreras (Oceanogr\u00e1fico)", "ticket": "T", "total": "20", "open": "T"}}, {"geometry": {"type": "Point", "coordinates": [728318.593, 4370746.512]}, "type": "Feature", "properties": {"available": "1", "name": "52_C/ LUIS GARCIA BERLANGA", "updated_at": "09/04/2018 05:09:16", "free": "24", "number": "52", "address": "Luis Garc\u00eda Berlanga Mart\u00ed - Menorca", "ticket": "T", "total": "25", "open": "T"}}, {"geometry": {"type": "Point", "coordinates": [727636.956, 4372272.409]}, "type": "Feature", "properties": {"available": "19", "name": "074_PLAZA SAN FELIPE NERI", "updated_at": "09/04/2018 05:09:16", "free": "1", "number": "74", "address": "Plaza San Felipe Neri (Mercado Algir\u00f3s)", "ticket": "T", "total": "20", "open": "T"}}, {"geometry": {"type": "Point", "coordinates": [727804.801, 4372517.761]}, "type": "Feature", "properties": {"available": "12", "name": "075_CAMPOAMOR I", "updated_at": "09/04/2018 05:09:16", "free": "13", "number": "75", "address": "Rep\u00fablica Argentina - Campoamor", "ticket": "F", "total": "25", "open": "T"}}, {"geometry": {"type": "Point", "coordinates": [728520.347, 4372313.3]}, "type": "Feature", "properties": {"available": "2", "name": "076_CAMPOAMOR II", "updated_at": "09/04/2018 05:09:16", "free": "17", "number": "76", "address": "Campoamor - M\u00fasico Gin\u00e9s", "ticket": "T", "total": "19", "open": "T"}}, {"geometry": {"type": "Point", "coordinates": [726561.529, 4373910.028]}, "type": "Feature", "properties": {"available": "7", "name": "77_C/ MOLINELL", "updated_at": "09/04/2018 05:09:16", "free": "13", "number": "77", "address": "Molinell - Calder\u00f3n de la Barca", "ticket": "T", "total": "20", "open": "T"}}, {"geometry": {"type": "Point", "coordinates": [727210.757, 4372259.455]}, "type": "Feature", "properties": {"available": "0", "name": "078_AVDA. ARAG\u00d3N I", "updated_at": "09/04/2018 05:09:16", "free": "20", "number": "78", "address": "Arag\u00f3n - Vicente Sancho Tello", "ticket": "T", "total": "20", "open": "T"}}, {"geometry": {"type": "Point", "coordinates": [727150.755, 4374061.607]}, "type": "Feature", "properties": {"available": "9", "name": "121_C_MURTA", "updated_at": "09/04/2018 05:09:16", "free": "6", "number": "121", "address": "Murta - Sant Eperit", "ticket": "F", "total": "15", "open": "T"}}, {"geometry": {"type": "Point", "coordinates": [725621.027, 4371937.812]}, "type": "Feature", "properties": {"available": "0", "name": "017_ESTACION RENFE I", "updated_at": "09/04/2018 05:09:16", "free": "40", "number": "17", "address": "X\u00e1tiva - Bail\u00e9n (Estaci\u00f3n del Norte)", "ticket": "T", "total": "40", "open": "T"}}, {"geometry": {"type": "Point", "coordinates": [725974.018, 4372028.422]}, "type": "Feature", "properties": {"available": "18", "name": "018_COLON II", "updated_at": "09/04/2018 05:09:16", "free": "5", "number": "18", "address": "Col\u00f3n 20-22", "ticket": "T", "total": "24", "open": "T"}}, {"geometry": {"type": "Point", "coordinates": [724490.651, 4372449.685]}, "type": "Feature", "properties": {"available": "6", "name": "021_JUAN_LLORENS_29", "updated_at": "09/04/2018 05:09:16", "free": "10", "number": "21", "address": "Juan Llorens - Literato Gabriel Mir\u00f3", "ticket": "T", "total": "16", "open": "T"}}, {"geometry": {"type": "Point", "coordinates": [724659.071, 4372167.495]}, "type": "Feature", "properties": {"available": "4", "name": "022_JUAN_LLORENS_57", "updated_at": "09/04/2018 05:09:16", "free": "11", "number": "22", "address": "Angel Guimer\u00e1 - Juan Llorens", "ticket": "F", "total": "15", "open": "T"}}, {"geometry": {"type": "Point", "coordinates": [724840.264, 4372377.279]}, "type": "Feature", "properties": {"available": "10", "name": "023_GRAN_VIA_FERNANDO_EL_CATOLICO", "updated_at": "09/04/2018 05:09:16", "free": "9", "number": "23", "address": "Fernando el Cat\u00f3lico - Erudito Orellana", "ticket": "T", "total": "19", "open": "T"}}, {"geometry": {"type": "Point", "coordinates": [728161.402, 4370822.987]}, "type": "Feature", "properties": {"available": "1", "name": "53_C/ LUIS GARCIA BERLANGA", "updated_at": "09/04/2018 05:09:16", "free": "24", "number": "53", "address": "Alameda - Pintor Maella", "ticket": "F", "total": "25", "open": "T"}}, {"geometry": {"type": "Point", "coordinates": [727759.956, 4371146.034]}, "type": "Feature", "properties": {"available": "20", "name": "54_PASEO ALAMEDA", "updated_at": "09/04/2018 05:09:16", "free": "0", "number": "54", "address": "Plaza de Europa", "ticket": "T", "total": "20", "open": "T"}}, {"geometry": {"type": "Point", "coordinates": [727900.669, 4371787.657]}, "type": "Feature", "properties": {"available": "5", "name": "065_AVDA. DEL PUERTO III", "updated_at": "09/04/2018 05:09:16", "free": "14", "number": "65", "address": "Av. Puerto - Doctor Manuel Candela", "ticket": "T", "total": "19", "open": "T"}}, {"geometry": {"type": "Point", "coordinates": [728298.458, 4371661.047]}, "type": "Feature", "properties": {"available": "25", "name": "066_GUILLEN DE ANGLESOLA", "updated_at": "09/04/2018 05:09:16", "free": "0", "number": "66", "address": "Guillem de Anglesola - Av. Puerto", "ticket": "F", "total": "25", "open": "T"}}, {"geometry": {"type": "Point", "coordinates": [729130.423, 4371084.436]}, "type": "Feature", "properties": {"available": "5", "name": "067_JUAN VERDEGUER", "updated_at": "09/04/2018 05:09:16", "free": "9", "number": "67", "address": "Juan Verdeguer - Toneleros", "ticket": "F", "total": "14", "open": "T"}}, {"geometry": {"type": "Point", "coordinates": [728692.861, 4371509.581]}, "type": "Feature", "properties": {"available": "20", "name": "068_AVDA. DEL PUERTO IV", "updated_at": "09/04/2018 05:09:16", "free": "0", "number": "68", "address": "Av. Puerto - Jos\u00e9 Aguilar", "ticket": "T", "total": "20", "open": "T"}}, {"geometry": {"type": "Point", "coordinates": [728954.814, 4371422.769]}, "type": "Feature", "properties": {"available": "25", "name": "069_AVDA. DEL PUERTO", "updated_at": "09/04/2018 05:09:16", "free": "0", "number": "69", "address": "Av. Puerto - Serrer\u00eda", "ticket": "F", "total": "25", "open": "T"}}, {"geometry": {"type": "Point", "coordinates": [726098.307, 4372145.579]}, "type": "Feature", "properties": {"available": "13", "name": "70_CALLE_COLON_ESQ_ALMIRANTE_ROGER_DE_LAURIA", "updated_at": "09/04/2018 05:09:16", "free": "4", "number": "70", "address": "Col\u00f3n, 44", "ticket": "F", "total": "17", "open": "T"}}, {"geometry": {"type": "Point", "coordinates": [729406.548, 4371261.476]}, "type": "Feature", "properties": {"available": "16", "name": "071_AVDA DEL PUERTO VI", "updated_at": "09/04/2018 05:09:16", "free": "4", "number": "71", "address": "Av. Puerto - Plaza Tribunal de les Aig\u00fces", "ticket": "F", "total": "20", "open": "T"}}, {"geometry": {"type": "Point", "coordinates": [728284.692, 4371990.941]}, "type": "Feature", "properties": {"available": "6", "name": "072_RAMIRO MAETZU", "updated_at": "09/04/2018 05:09:16", "free": "9", "number": "72", "address": "Ramiro de Maeztu - Peris Brell", "ticket": "F", "total": "15", "open": "T"}}, {"geometry": {"type": "Point", "coordinates": [727560.986, 4373885.116]}, "type": "Feature", "properties": {"available": "15", "name": "122_C_M\u00daSICO HIP\u00d3LITO MART\u00cdNEZ", "updated_at": "09/04/2018 05:09:16", "free": "0", "number": "122", "address": "M\u00fasico Hip\u00f3lito Mart\u00ednez - Di\u00f3genes L\u00f3pez Mecho", "ticket": "F", "total": "15", "open": "T"}}, {"geometry": {"type": "Point", "coordinates": [725319.726, 4373672.6]}, "type": "Feature", "properties": {"available": "23", "name": "153_C/ LLANO DE ZAIDA", "updated_at": "09/04/2018 05:09:16", "free": "1", "number": "153", "address": "Llano de la Zaid\u00eda - Doctor Ol\u00f3riz", "ticket": "T", "total": "24", "open": "T"}}, {"geometry": {"type": "Point", "coordinates": [724742.544, 4374353.071]}, "type": "Feature", "properties": {"available": "0", "name": "174_CALLE_MONDUBER", "updated_at": "09/04/2018 05:09:16", "free": "19", "number": "174", "address": "Monduber - Peset Aleixandre", "ticket": "T", "total": "19", "open": "T"}}, {"geometry": {"type": "Point", "coordinates": [723500.1, 4374169.24]}, "type": "Feature", "properties": {"available": "4", "name": "225_CALLE_PADRE_BARRANCO_DESPUES_CALLE_BENIFAIRO", "updated_at": "09/04/2018 05:09:16", "free": "16", "number": "225", "address": "Padre Barranco - Carlos Ruano Llopis (Pintor)", "ticket": "T", "total": "20", "open": "T"}}, {"geometry": {"type": "Point", "coordinates": [723687.622, 4374480.945]}, "type": "Feature", "properties": {"available": "6", "name": "226_CALLE_SAFOR_ESQ_AVDA_DE_LAS_CORTES_VALENCIANAS", "updated_at": "09/04/2018 05:09:16", "free": "24", "number": "226", "address": "Corts Valencianes - La Safor", "ticket": "F", "total": "30", "open": "T"}}, {"geometry": {"type": "Point", "coordinates": [723339.372, 4374402.457]}, "type": "Feature", "properties": {"available": "3", "name": "227_CALLE_SAN_CLEMENTE_ENTRA_HOSPITAL_ARNAU_VILANO", "updated_at": "09/04/2018 05:09:16", "free": "17", "number": "227", "address": "San Clemente - Hospital Arnau de Vilanova", "ticket": "T", "total": "20", "open": "T"}}, {"geometry": {"type": "Point", "coordinates": [725033.543, 4372099.483]}, "type": "Feature", "properties": {"available": "0", "name": "024_GRAN_VIA_RAMON_Y_CAJAL", "updated_at": "09/04/2018 05:09:16", "free": "20", "number": "24", "address": "Fernando el Cat\u00f3lico - Cuenca", "ticket": "T", "total": "20", "open": "T"}}, {"geometry": {"type": "Point", "coordinates": [724643.583, 4371938.41]}, "type": "Feature", "properties": {"available": "4", "name": "025_CALLE_DEL_ALBERIC", "updated_at": "09/04/2018 05:09:16", "free": "19", "number": "25", "address": "Alberique, 18 (Abastos)", "ticket": "T", "total": "23", "open": "T"}}, {"geometry": {"type": "Point", "coordinates": [724868.606, 4371774.515]}, "type": "Feature", "properties": {"available": "0", "name": "026_CALLE_SAN_JOSE_DE_CALASANZ", "updated_at": "09/04/2018 05:09:16", "free": "15", "number": "26", "address": "San Jos\u00e9 de Calasanz - Salas Quiroga", "ticket": "F", "total": "15", "open": "T"}}, {"geometry": {"type": "Point", "coordinates": [725239.192, 4371470.541]}, "type": "Feature", "properties": {"available": "2", "name": "027_CALLE_SAN_VICENTE_MARTIR_129", "updated_at": "09/04/2018 05:09:16", "free": "18", "number": "27", "address": "San Vicente Martir - Doctor Vil\u00e1 Barber\u00e1", "ticket": "F", "total": "20", "open": "T"}}, {"geometry": {"type": "Point", "coordinates": [726425.72, 4372418.341]}, "type": "Feature", "properties": {"available": "4", "name": "028_NAVARRO REVERTE", "updated_at": "09/04/2018 05:09:16", "free": "21", "number": "28", "address": "Navarro Reverter - Grabador Esteve", "ticket": "F", "total": "25", "open": "T"}}, {"geometry": {"type": "Point", "coordinates": [726722.808, 4371019.416]}, "type": "Feature", "properties": {"available": "4", "name": "41_AVDA. GRAL. URRUTIA", "updated_at": "09/04/2018 05:09:16", "free": "16", "number": "41", "address": "General Urrutia - Granada", "ticket": "F", "total": "20", "open": "T"}}, {"geometry": {"type": "Point", "coordinates": [727249.674, 4371020.291]}, "type": "Feature", "properties": {"available": "11", "name": "42_AVDA. DE LA PLATA", "updated_at": "09/04/2018 05:09:16", "free": "9", "number": "42", "address": "Av. de la Plata (Museo Fallero)", "ticket": "T", "total": "20", "open": "T"}}, {"geometry": {"type": "Point", "coordinates": [727032.722, 4371091.257]}, "type": "Feature", "properties": {"available": "17", "name": "43_C/ DE ORIENTE", "updated_at": "09/04/2018 05:09:16", "free": "3", "number": "43", "address": "Escultor Jos\u00e9 Capuz - Oriente", "ticket": "F", "total": "20", "open": "T"}}, {"geometry": {"type": "Point", "coordinates": [726882.491, 4370748.231]}, "type": "Feature", "properties": {"available": "5", "name": "44_AVDA. GRAL. URRUTIA", "updated_at": "09/04/2018 05:09:16", "free": "14", "number": "44", "address": "General Urrutia - Av. de la Plata", "ticket": "T", "total": "19", "open": "T"}}, {"geometry": {"type": "Point", "coordinates": [726990.707, 4370461.433]}, "type": "Feature", "properties": {"available": "13", "name": "45_AVDA. GRAL. URRUTIA", "updated_at": "09/04/2018 05:09:16", "free": "2", "number": "45", "address": "Hermanos Maristas - General Urrutia", "ticket": "F", "total": "15", "open": "T"}}, {"geometry": {"type": "Point", "coordinates": [727249.221, 4370656.763]}, "type": "Feature", "properties": {"available": "20", "name": "46_AVDA. INSTITUTO OBRERO DE VALENCIA", "updated_at": "09/04/2018 05:09:16", "free": "0", "number": "46", "address": "Pintor Luis Arcas - Inst. Obrero Valenciano", "ticket": "F", "total": "20", "open": "T"}}, {"geometry": {"type": "Point", "coordinates": [727535.862, 4370776.603]}, "type": "Feature", "properties": {"available": "8", "name": "47_AVDA. AUTOPISTA DEL SALER", "updated_at": "09/04/2018 05:09:16", "free": "12", "number": "47", "address": "Autopista del Saler - Puente Monteolivete", "ticket": "T", "total": "20", "open": "T"}}, {"geometry": {"type": "Point", "coordinates": [727284.71, 4370135.431]}, "type": "Feature", "properties": {"available": "14", "name": "48_AVDA. ANTONIO FERRANDIS", "updated_at": "09/04/2018 05:09:16", "free": "6", "number": "48", "address": "Antonio Ferrandis - General Urrutia", "ticket": "F", "total": "20", "open": "T"}}, {"geometry": {"type": "Point", "coordinates": [727401.736, 4370381.009]}, "type": "Feature", "properties": {"available": "7", "name": "49_C/ RICARDO MU\u00d1OZ SUAY", "updated_at": "09/04/2018 05:09:16", "free": "18", "number": "49", "address": "Ricardo Mu\u00f1oz Suay - Mar\u00eda Jos\u00e9 Victoria Fuster (C.C. El Saler)", "ticket": "F", "total": "25", "open": "T"}}, {"geometry": {"type": "Point", "coordinates": [728582.94, 4371890.3]}, "type": "Feature", "properties": {"available": "20", "name": "073_JERONIMO MONSORIU", "updated_at": "09/04/2018 05:09:16", "free": "0", "number": "73", "address": "Jer\u00f3nimo Monsoriu - Industria", "ticket": "T", "total": "20", "open": "T"}}, {"geometry": {"type": "Point", "coordinates": [725785.991, 4372703.856]}, "type": "Feature", "properties": {"available": "0", "name": "008_PLAZA_DE_LA_REINA_ESQUINA_CALLE_DEL_MAR", "updated_at": "09/04/2018 05:09:16", "free": "22", "number": "8", "address": "Plaza de la Reina - Mar", "ticket": "T", "total": "23", "open": "T"}}, {"geometry": {"type": "Point", "coordinates": [726229.268, 4372720.676]}, "type": "Feature", "properties": {"available": "20", "name": "009_PLAZA_TETUAN_4", "updated_at": "09/04/2018 05:09:16", "free": "5", "number": "9", "address": "Plaza de Tetu\u00e1n", "ticket": "T", "total": "25", "open": "T"}}, {"geometry": {"type": "Point", "coordinates": [730141.246, 4372508.598]}, "type": "Feature", "properties": {"available": "7", "name": "165_PAVIA 2", "updated_at": "09/04/2018 05:09:16", "free": "13", "number": "165", "address": "Pav\u00eda - Espad\u00e1n", "ticket": "T", "total": "20", "open": "T"}}, {"geometry": {"type": "Point", "coordinates": [729769.995, 4372713.116]}, "type": "Feature", "properties": {"available": "15", "name": "166_PROGRESO", "updated_at": "09/04/2018 05:09:16", "free": "0", "number": "166", "address": "Don Vicente Guillot - Progreso", "ticket": "F", "total": "15", "open": "T"}}, {"geometry": {"type": "Point", "coordinates": [724365.85, 4372668.04]}, "type": "Feature", "properties": {"available": "13", "name": "019_JUAN_LLORENS", "updated_at": "09/04/2018 05:09:16", "free": "1", "number": "19", "address": "Juan Llorens - Quart", "ticket": "F", "total": "15", "open": "T"}}, {"geometry": {"type": "Point", "coordinates": [724685.713, 4372751.189]}, "type": "Feature", "properties": {"available": "14", "name": "020_FERNANDO_EL_CATOLICO_CALLE_QUART", "updated_at": "09/04/2018 05:09:16", "free": "2", "number": "20", "address": "Quart - Fernando el Cat\u00f3lico", "ticket": "T", "total": "16", "open": "T"}}, {"geometry": {"type": "Point", "coordinates": [727726.47, 4373219.828]}, "type": "Feature", "properties": {"available": "8", "name": "103_RUBEN DARIO", "updated_at": "09/04/2018 05:09:16", "free": "7", "number": "103", "address": "Rub\u00e9n Dar\u00edo - Plaza Fray Luis Colomer", "ticket": "F", "total": "15", "open": "T"}}, {"geometry": {"type": "Point", "coordinates": [728165.066, 4373225.292]}, "type": "Feature", "properties": {"available": "14", "name": "104_ALBALAT DELS TARONGERS", "updated_at": "09/04/2018 05:09:16", "free": "6", "number": "104", "address": "Albalat dels Tarongers - Paseo Facultades", "ticket": "T", "total": "20", "open": "T"}}, {"geometry": {"type": "Point", "coordinates": [728404.34, 4373155.018]}, "type": "Feature", "properties": {"available": "16", "name": "105_AVDA. DE LOS NARANJOS", "updated_at": "09/04/2018 05:09:16", "free": "14", "number": "105", "address": "Aularios Universidad de Valencia", "ticket": "F", "total": "30", "open": "T"}}, {"geometry": {"type": "Point", "coordinates": [728676.955, 4373057.96]}, "type": "Feature", "properties": {"available": "19", "name": "106_AVDA. DE LOS NARANJOS", "updated_at": "09/04/2018 05:09:16", "free": "6", "number": "106", "address": "Albalat dels Tarongers - Professor Ernest Lluch", "ticket": "F", "total": "25", "open": "T"}}, {"geometry": {"type": "Point", "coordinates": [729126.028, 4372904.69]}, "type": "Feature", "properties": {"available": "8", "name": "107_C/ CAMPILLO ALTO BUEY", "updated_at": "09/04/2018 05:09:16", "free": "6", "number": "107", "address": "Campillo de Altobuey (Polideportivo)", "ticket": "F", "total": "15", "open": "T"}}, {"geometry": {"type": "Point", "coordinates": [729355.857, 4372738.285]}, "type": "Feature", "properties": {"available": "9", "name": "108_ LUIS PEIXO", "updated_at": "09/04/2018 05:09:16", "free": "6", "number": "108", "address": "Lu\u00eds Peix\u00f3 20", "ticket": "T", "total": "15", "open": "T"}}, {"geometry": {"type": "Point", "coordinates": [729354.335, 4373086.32]}, "type": "Feature", "properties": {"available": "4", "name": "109_AVDA. NARANJOS", "updated_at": "09/04/2018 05:09:16", "free": "16", "number": "109", "address": "Naranjos - Ingeniero Fausto Elio", "ticket": "T", "total": "20", "open": "T"}}, {"geometry": {"type": "Point", "coordinates": [729068.76, 4373513.496]}, "type": "Feature", "properties": {"available": "18", "name": "110_KISSHOMARU", "updated_at": "09/04/2018 05:09:16", "free": "12", "number": "110", "address": "UPV Trinquet", "ticket": "F", "total": "30", "open": "T"}}, {"geometry": {"type": "Point", "coordinates": [728736.631, 4373445.463]}, "type": "Feature", "properties": {"available": "15", "name": "111_COLEGIO MAYOR", "updated_at": "09/04/2018 05:09:16", "free": "15", "number": "111", "address": "UPV Galileo", "ticket": "F", "total": "30", "open": "T"}}, {"geometry": {"type": "Point", "coordinates": [728594.549, 4373259.508]}, "type": "Feature", "properties": {"available": "24", "name": "112_AVDA. DE LOS NARANJOS", "updated_at": "09/04/2018 05:09:16", "free": "16", "number": "112", "address": "Manuel Broseta i Pont - Naranjos", "ticket": "T", "total": "40", "open": "T"}}, {"geometry": {"type": "Point", "coordinates": [728470.794, 4373555.383]}, "type": "Feature", "properties": {"available": "6", "name": "113_ETS CAMINOS", "updated_at": "09/04/2018 05:09:16", "free": "32", "number": "113", "address": "UPV Caminos", "ticket": "T", "total": "38", "open": "T"}}, {"geometry": {"type": "Point", "coordinates": [728212.727, 4373606.436]}, "type": "Feature", "properties": {"available": "9", "name": "114_ADOLFO SUAREZ", "updated_at": "09/04/2018 05:09:16", "free": "21", "number": "114", "address": "UPV Inform\u00e1tica", "ticket": "F", "total": "30", "open": "T"}}, {"geometry": {"type": "Point", "coordinates": [727735.506, 4373565.502]}, "type": "Feature", "properties": {"available": "3", "name": "115_C/ DR. VICENTE ZARAGOZA", "updated_at": "09/04/2018 05:09:16", "free": "12", "number": "115", "address": "Catalu\u00f1a - Doctor Vicente Zaragoz\u00e1", "ticket": "F", "total": "16", "open": "T"}}, {"geometry": {"type": "Point", "coordinates": [727264.373, 4373739.532]}, "type": "Feature", "properties": {"available": "15", "name": "116_C/ DR. VICENTE ZARAGOZA", "updated_at": "09/04/2018 05:09:16", "free": "0", "number": "116", "address": "Doctor Vicente Zaragoz\u00e1 - Ram\u00f3n Asensio", "ticket": "T", "total": "15", "open": "T"}}, {"geometry": {"type": "Point", "coordinates": [727320.076, 4373296.548]}, "type": "Feature", "properties": {"available": "8", "name": "117_PRIMADO REIG", "updated_at": "09/04/2018 05:09:16", "free": "22", "number": "117", "address": "Gasc\u00f3 Oliag - Primado Reig", "ticket": "T", "total": "30", "open": "T"}}, {"geometry": {"type": "Point", "coordinates": [729536.909, 4372108.482]}, "type": "Feature", "properties": {"available": "11", "name": "161_MEDITERRANEO", "updated_at": "09/04/2018 05:09:16", "free": "3", "number": "161", "address": "Mediterr\u00e1neo - Plaza Cruz de Ca\u00f1amelar", "ticket": "T", "total": "15", "open": "T"}}, {"geometry": {"type": "Point", "coordinates": [729717.409, 4371628.874]}, "type": "Feature", "properties": {"available": "4", "name": "162_PZA. ARMADA ESPA\u00d1OLA", "updated_at": "09/04/2018 05:09:16", "free": "15", "number": "162", "address": "Armada Espa\u00f1ola - Mariano Cuber", "ticket": "F", "total": "19", "open": "T"}}, {"geometry": {"type": "Point", "coordinates": [726641.444, 4372261.334]}, "type": "Feature", "properties": {"available": "1", "name": "029_PLAZA AMERICA", "updated_at": "09/04/2018 05:09:16", "free": "18", "number": "29", "address": "Plaza Am\u00e9rica - Cirilo Amor\u00f3s - Sorn\u00ed", "ticket": "T", "total": "20", "open": "T"}}, {"geometry": {"type": "Point", "coordinates": [726371.036, 4372085.56]}, "type": "Feature", "properties": {"available": "8", "name": "030_CIRILO AMOROS", "updated_at": "09/04/2018 05:09:16", "free": "12", "number": "30", "address": "Cirilo Amor\u00f3s - Jorge Juan (Mercado Col\u00f3n)", "ticket": "F", "total": "20", "open": "T"}}, {"geometry": {"type": "Point", "coordinates": [726673.679, 4371957.09]}, "type": "Feature", "properties": {"available": "2", "name": "031_CALLE SALAMANCA", "updated_at": "09/04/2018 05:09:16", "free": "18", "number": "31", "address": "Salamanca - Conde Altea", "ticket": "F", "total": "20", "open": "T"}}, {"geometry": {"type": "Point", "coordinates": [726401.133, 4371798.141]}, "type": "Feature", "properties": {"available": "0", "name": "032_C/ CONDE DE ALTEA", "updated_at": "09/04/2018 05:09:16", "free": "20", "number": "32", "address": "Conde Altea - Almirante Cadarso", "ticket": "T", "total": "20", "open": "T"}}, {"geometry": {"type": "Point", "coordinates": [725910.856, 4371651.849]}, "type": "Feature", "properties": {"available": "0", "name": "033_GRAN_VIA_GERMANIAS_ESQ_CALLE_RUZAFA", "updated_at": "09/04/2018 05:09:16", "free": "20", "number": "33", "address": "German\u00edas - Ruzafa", "ticket": "T", "total": "20", "open": "T"}}, {"geometry": {"type": "Point", "coordinates": [726259.768, 4371584.704]}, "type": "Feature", "properties": {"available": "1", "name": "34_AVDA. ANTIGUO REINO DE VALENCIA", "updated_at": "09/04/2018 05:09:16", "free": "16", "number": "34", "address": "Regne de Valencia - Doctor Sumsi", "ticket": "F", "total": "17", "open": "T"}}, {"geometry": {"type": "Point", "coordinates": [726516.262, 4371550.757]}, "type": "Feature", "properties": {"available": "0", "name": "35_C/ DUQUE DE CALABRIA", "updated_at": "09/04/2018 05:09:16", "free": "16", "number": "35", "address": "Regne de Valencia - Almirante Cadarso", "ticket": "T", "total": "20", "open": "T"}}, {"geometry": {"type": "Point", "coordinates": [725740.337, 4373230.46]}, "type": "Feature", "properties": {"available": "5", "name": "036_PZA_LOS_FUEROS_CONDE_TRENOR", "updated_at": "09/04/2018 05:09:16", "free": "20", "number": "36", "address": "Plaza de los Fueros - Conde Trenor", "ticket": "F", "total": "25", "open": "T"}}, {"geometry": {"type": "Point", "coordinates": [730110.471, 4373327.171]}, "type": "Feature", "properties": {"available": "8", "name": "169_PAVIA 4", "updated_at": "09/04/2018 05:09:16", "free": "12", "number": "169", "address": "Pav\u00eda (Instituto Isabel de Villena)", "ticket": "T", "total": "20", "open": "T"}}, {"geometry": {"type": "Point", "coordinates": [723237.977, 4374139.46]}, "type": "Feature", "properties": {"available": "3", "name": "242_LA_SAFOR_AVDA_MAESTRO_RODRIGO", "updated_at": "09/04/2018 05:09:16", "free": "12", "number": "242", "address": "La Safor - Maestro Rodrigo", "ticket": "F", "total": "15", "open": "T"}}, {"geometry": {"type": "Point", "coordinates": [725009.401, 4371403.652]}, "type": "Feature", "properties": {"available": "3", "name": "243_ALBACETE_ESQ_MALUQUER", "updated_at": "09/04/2018 05:09:16", "free": "15", "number": "243", "address": "Albacete - Maluquer", "ticket": "T", "total": "18", "open": "T"}}, {"geometry": {"type": "Point", "coordinates": [723101.26, 4373091.117]}, "type": "Feature", "properties": {"available": "13", "name": "244_AVDA_PIO_BAROJA_VALLE_DE_LA_BALLESTERA", "updated_at": "09/04/2018 05:09:16", "free": "7", "number": "244", "address": "Valle de la Ballestera - Pio Baroja", "ticket": "T", "total": "20", "open": "T"}}, {"geometry": {"type": "Point", "coordinates": [723172.196, 4372377.044]}, "type": "Feature", "properties": {"available": "11", "name": "245_9_DE_OCTUBRE_CIEZA", "updated_at": "09/04/2018 05:09:16", "free": "3", "number": "245", "address": "Nueve de Octubre - Cieza", "ticket": "F", "total": "14", "open": "T"}}, {"geometry": {"type": "Point", "coordinates": [723099.271, 4372044.993]}, "type": "Feature", "properties": {"available": "6", "name": "246_AVDA_TRES_CRUCES_ENTRADA_HOSPITAL_GENERAL", "updated_at": "09/04/2018 05:09:16", "free": "23", "number": "246", "address": "Tres Cruces - Hospital General", "ticket": "F", "total": "30", "open": "T"}}, {"geometry": {"type": "Point", "coordinates": [723185.17, 4371860.828]}, "type": "Feature", "properties": {"available": "1", "name": "247_AVDA_TRES_CRUCES_MUSICO_AYLLON", "updated_at": "09/04/2018 05:09:16", "free": "14", "number": "247", "address": "Tres Cruces - M\u00fasico Ayll\u00f3n", "ticket": "T", "total": "15", "open": "T"}}, {"geometry": {"type": "Point", "coordinates": [723251.749, 4371355.044]}, "type": "Feature", "properties": {"available": "1", "name": "248_AVDA_TRES_CRUCES_JOSE_MARIA_MORTES_LERMA", "updated_at": "09/04/2018 05:09:16", "free": "19", "number": "248", "address": "Tres Cruces - Jose Maria Mortes Lerma", "ticket": "F", "total": "20", "open": "T"}}, {"geometry": {"type": "Point", "coordinates": [726573.03, 4371240.067]}, "type": "Feature", "properties": {"available": "0", "name": "37_AVDA. PERIS Y VALERO", "updated_at": "09/04/2018 05:09:16", "free": "20", "number": "37", "address": "Peris y Valero - Luis Sant\u00e1ngel", "ticket": "T", "total": "20", "open": "T"}}, {"geometry": {"type": "Point", "coordinates": [726250.283, 4371060.021]}, "type": "Feature", "properties": {"available": "2", "name": "38_AVDA. PERIS Y VALERO", "updated_at": "09/04/2018 05:09:16", "free": "18", "number": "38", "address": "Peris y Valero - Cabo Jubi", "ticket": "F", "total": "20", "open": "T"}}, {"geometry": {"type": "Point", "coordinates": [725938.466, 4370878.973]}, "type": "Feature", "properties": {"available": "12", "name": "39_AVDA. PERIS Y VALERO", "updated_at": "09/04/2018 05:09:16", "free": "7", "number": "39", "address": "Peris y Valero - Cuba", "ticket": "T", "total": "19", "open": "T"}}, {"geometry": {"type": "Point", "coordinates": [725820.827, 4372276.702]}, "type": "Feature", "properties": {"available": "1", "name": "40_CALLE_BARCAS_FRENTE _TEATRO_PRINCIPAL", "updated_at": "09/04/2018 05:09:16", "free": "25", "number": "40", "address": "Barcas, 11", "ticket": "T", "total": "26", "open": "T"}}, {"geometry": {"type": "Point", "coordinates": [727766.482, 4370428.526]}, "type": "Feature", "properties": {"available": "35", "name": "50_AVDA. AUTOPISTA DEL SALER", "updated_at": "09/04/2018 05:09:16", "free": "5", "number": "50", "address": "Autopista del Saler - Antonio Ferrandis (C.C. El Saler)", "ticket": "T", "total": "40", "open": "T"}}, {"geometry": {"type": "Point", "coordinates": [727027.861, 4373422.962]}, "type": "Feature", "properties": {"available": "20", "name": "118_C/ DR. GOMEZ FERRER", "updated_at": "09/04/2018 05:09:16", "free": "0", "number": "118", "address": "G\u00f3mez Ferrer - \u00c1lvaro de Baz\u00e1n", "ticket": "F", "total": "20", "open": "T"}}, {"geometry": {"type": "Point", "coordinates": [726779.466, 4373643.882]}, "type": "Feature", "properties": {"available": "14", "name": "119_C/ JAIME ROIG", "updated_at": "09/04/2018 05:09:16", "free": "6", "number": "119", "address": "Jaime Roig - Bachiller", "ticket": "F", "total": "20", "open": "T"}}, {"geometry": {"type": "Point", "coordinates": [726873.293, 4373908.823]}, "type": "Feature", "properties": {"available": "7", "name": "120_C_DR VICENTE ZARAGOZA", "updated_at": "09/04/2018 05:09:16", "free": "11", "number": "120", "address": "Doctor Vicente Zaragoz\u00e1 - Emilio Bar\u00f3", "ticket": "T", "total": "18", "open": "T"}}, {"geometry": {"type": "Point", "coordinates": [729837.887, 4373106.43]}, "type": "Feature", "properties": {"available": "15", "name": "168_AVDA. MALVARROSA", "updated_at": "09/04/2018 05:09:16", "free": "0", "number": "168", "address": "Malvarrosa - R\u00edo Tajo", "ticket": "F", "total": "15", "open": "T"}}, {"geometry": {"type": "Point", "coordinates": [725092.652, 4373319.361]}, "type": "Feature", "properties": {"available": "20", "name": "001_GUILLEN_DE_CASTRO", "updated_at": "09/04/2018 05:09:16", "free": "5", "number": "1", "address": "C/GUILLEM DE CASTRO esquina con C/NA JORDANA", "ticket": "T", "total": "25", "open": "T"}}, {"geometry": {"type": "Point", "coordinates": [725330.179, 4372969.993]}, "type": "Feature", "properties": {"available": "2", "name": "003_PLAZA_MUSICO_LOPEZ_CHAVARRI", "updated_at": "09/04/2018 05:09:16", "free": "18", "number": "3", "address": "Plaza del Musico L\u00f3pez Chavarri", "ticket": "T", "total": "20", "open": "T"}}, {"geometry": {"type": "Point", "coordinates": [725755.944, 4372972.613]}, "type": "Feature", "properties": {"available": "0", "name": "004_PLAZA_DE_LA_VIRGEN_CALLE_BAILIA", "updated_at": "09/04/2018 05:09:16", "free": "25", "number": "4", "address": "Plaza de la Virgen - Bail\u00eda", "ticket": "T", "total": "25", "open": "T"}}, {"geometry": {"type": "Point", "coordinates": [730037.393, 4373790.296]}, "type": "Feature", "properties": {"available": "5", "name": "170_PAVIA 5", "updated_at": "09/04/2018 05:09:16", "free": "15", "number": "170", "address": "Isabel de Villena - Mendiz\u00e1bal", "ticket": "F", "total": "20", "open": "T"}}, {"geometry": {"type": "Point", "coordinates": [729721.075, 4373790.572]}, "type": "Feature", "properties": {"available": "15", "name": "171_CALLE GRAN CANARIA", "updated_at": "09/04/2018 05:09:16", "free": "0", "number": "171", "address": "Gran Canaria - Ingeniero Manuel Maese", "ticket": "F", "total": "15", "open": "T"}}, {"geometry": {"type": "Point", "coordinates": [724192.082, 4373451.012]}, "type": "Feature", "properties": {"available": "11", "name": "172_AVENIDA_PIO_XII", "updated_at": "09/04/2018 05:09:16", "free": "9", "number": "172", "address": "P\u00edo XII - Campanar", "ticket": "T", "total": "20", "open": "T"}}, {"geometry": {"type": "Point", "coordinates": [728105.908, 4371107.879]}, "type": "Feature", "properties": {"available": "22", "name": "55_AVDA. DE FRANCIA", "updated_at": "09/04/2018 05:09:16", "free": "3", "number": "55", "address": "Francia - Pintor Maella", "ticket": "F", "total": "25", "open": "T"}}, {"geometry": {"type": "Point", "coordinates": [728477.293, 4371016.383]}, "type": "Feature", "properties": {"available": "1", "name": "56_AVDA. DE FRANCIA", "updated_at": "09/04/2018 05:09:16", "free": "14", "number": "56", "address": "Francia - Menorca", "ticket": "F", "total": "15", "open": "T"}}, {"geometry": {"type": "Point", "coordinates": [724067.53, 4373789.471]}, "type": "Feature", "properties": {"available": "15", "name": "173_AVENIDA_PIO_XII_34", "updated_at": "09/04/2018 05:09:16", "free": "5", "number": "173", "address": "P\u00edo XII - Monestir de Poblet", "ticket": "F", "total": "20", "open": "T"}}, {"geometry": {"type": "Point", "coordinates": [723454.207, 4370990.489]}, "type": "Feature", "properties": {"available": "1", "name": "249_AVDA_TRES_CRUCES_SEGUNDA_REPUBLICA_ESPA\u00d1OLA", "updated_at": "09/04/2018 05:09:16", "free": "14", "number": "249", "address": "Tres Cruces - Segunda Rep\u00fablica Espa\u00f1ola", "ticket": "F", "total": "15", "open": "T"}}, {"geometry": {"type": "Point", "coordinates": [727265.727, 4371653.468]}, "type": "Feature", "properties": {"available": "1", "name": "057_CALLE PINTOR MONLEON", "updated_at": "09/04/2018 05:09:16", "free": "19", "number": "57", "address": "Alameda - Pintor Monle\u00f3n", "ticket": "T", "total": "20", "open": "T"}}, {"geometry": {"type": "Point", "coordinates": [725252.779, 4371788.228]}, "type": "Feature", "properties": {"available": "0", "name": "058_PLAZA DE ESPA\u00d1A", "updated_at": "09/04/2018 05:09:16", "free": "20", "number": "58", "address": "Plaza Espa\u00f1a", "ticket": "T", "total": "20", "open": "T"}}, {"geometry": {"type": "Point", "coordinates": [727589.205, 4371508.755]}, "type": "Feature", "properties": {"available": "9", "name": "059_AVDA. DE BALEARES I", "updated_at": "09/04/2018 05:09:16", "free": "6", "number": "59", "address": "Baleares - R\u00edo Escalona", "ticket": "T", "total": "15", "open": "T"}}, {"geometry": {"type": "Point", "coordinates": [727830.598, 4371420.636]}, "type": "Feature", "properties": {"available": "10", "name": "060_AVDA.BALEARES II", "updated_at": "09/04/2018 05:09:16", "free": "9", "number": "60", "address": "Baleares - Leb\u00f3n", "ticket": "F", "total": "19", "open": "T"}}, {"geometry": {"type": "Point", "coordinates": [728173.192, 4371326.503]}, "type": "Feature", "properties": {"available": "18", "name": "061_VICENTE VIDAL", "updated_at": "09/04/2018 05:09:16", "free": "2", "number": "61", "address": "Vicent Vidal - Pintor Maella", "ticket": "T", "total": "20", "open": "T"}}, {"geometry": {"type": "Point", "coordinates": [728666.608, 4371176.395]}, "type": "Feature", "properties": {"available": "15", "name": "062_MENORCA", "updated_at": "09/04/2018 05:09:16", "free": "4", "number": "62", "address": "Menorca - Baleares", "ticket": "T", "total": "20", "open": "T"}}, {"geometry": {"type": "Point", "coordinates": [727241.381, 4372019.713]}, "type": "Feature", "properties": {"available": "7", "name": "063_AVDA. DEL PUERTO I", "updated_at": "09/04/2018 05:09:16", "free": "12", "number": "63", "address": "Av Puerto 19 (Telef\u00f3nica)", "ticket": "T", "total": "20", "open": "T"}}, {"geometry": {"type": "Point", "coordinates": [727608.482, 4371890.391]}, "type": "Feature", "properties": {"available": "20", "name": "064_AVDA. DEL PUERTO II", "updated_at": "09/04/2018 05:09:16", "free": "0", "number": "64", "address": "Av. Puerto 61-63", "ticket": "F", "total": "20", "open": "T"}}, {"geometry": {"type": "Point", "coordinates": [726887.83, 4372671.832]}, "type": "Feature", "properties": {"available": "0", "name": "080_AMADEO SAVOIA", "updated_at": "09/04/2018 05:09:16", "free": "25", "number": "80", "address": "Amadeo de Saboya (frente Ayuntamiento)", "ticket": "F", "total": "25", "open": "T"}}, {"geometry": {"type": "Point", "coordinates": [726996.881, 4372829.01]}, "type": "Feature", "properties": {"available": "2", "name": "081_DOCTOR FORNOS", "updated_at": "09/04/2018 05:09:16", "free": "18", "number": "81", "address": "Micer Masc\u00f3 - Rodriguez Fornos", "ticket": "F", "total": "20", "open": "T"}}, {"geometry": {"type": "Point", "coordinates": [727013.588, 4374825.945]}, "type": "Feature", "properties": {"available": "18", "name": "126_C/ ALFAUIR", "updated_at": "09/04/2018 05:09:16", "free": "2", "number": "126", "address": "Alfahuir - Jos\u00e9 Chabas Bordehore", "ticket": "F", "total": "20", "open": "T"}}, {"geometry": {"type": "Point", "coordinates": [729717.505, 4372325.704]}, "type": "Feature", "properties": {"available": "15", "name": "154_PESCADORES", "updated_at": "09/04/2018 05:09:16", "free": "0", "number": "154", "address": "Pescadores - Progreso", "ticket": "F", "total": "15", "open": "T"}}, {"geometry": {"type": "Point", "coordinates": [729885.844, 4371977.616]}, "type": "Feature", "properties": {"available": "11", "name": "158_DR.LLUNCH", "updated_at": "09/04/2018 05:09:16", "free": "4", "number": "158", "address": "Doctor Lluch - Virgen del Sufragio", "ticket": "F", "total": "15", "open": "T"}}, {"geometry": {"type": "Point", "coordinates": [730264.816, 4371737.667]}, "type": "Feature", "properties": {"available": "5", "name": "163_PASEO NEPTUNO", "updated_at": "09/04/2018 05:09:16", "free": "15", "number": "163", "address": "Paseo Neptuno 32-34", "ticket": "T", "total": "20", "open": "T"}}, {"geometry": {"type": "Point", "coordinates": [730145.464, 4372181.084]}, "type": "Feature", "properties": {"available": "3", "name": "164_PAVIA 1", "updated_at": "09/04/2018 05:09:16", "free": "14", "number": "164", "address": "Pav\u00eda - Columbretes", "ticket": "F", "total": "17", "open": "T"}}, {"geometry": {"type": "Point", "coordinates": [725016.729, 4372512.385]}, "type": "Feature", "properties": {"available": "3", "name": "006_GUILLEN_CASTRO_CON_CALLE_SAN_PEDRO_PASCUAL", "updated_at": "09/04/2018 05:09:16", "free": "12", "number": "6", "address": "Guillem de Castro - San Pedro Pascual", "ticket": "T", "total": "15", "open": "T"}}, {"geometry": {"type": "Point", "coordinates": [725431.405, 4372754.855]}, "type": "Feature", "properties": {"available": "3", "name": "007_PZA_DEL_MERCADO_TAULA_DE_CANVIS", "updated_at": "09/04/2018 05:09:16", "free": "17", "number": "7", "address": "Plaza del Mercado - Taula de Canvis", "ticket": "T", "total": "20", "open": "T"}}, {"geometry": {"type": "Point", "coordinates": [725020.763, 4372874.455]}, "type": "Feature", "properties": {"available": "8", "name": "082_GUILLEN_DE_CASTRO_TORRES_DE_QUART", "updated_at": "09/04/2018 05:09:16", "free": "7", "number": "82", "address": "Guillem de Castro (Torres de Quart)", "ticket": "F", "total": "15", "open": "T"}}, {"geometry": {"type": "Point", "coordinates": [726473.43, 4373086.657]}, "type": "Feature", "properties": {"available": "7", "name": "83_PZA. DE LA LEGI\u00d3N ESPA\u00d1OLA", "updated_at": "09/04/2018 05:09:16", "free": "18", "number": "83", "address": "General Elio - Llano del Real", "ticket": "T", "total": "25", "open": "T"}}, {"geometry": {"type": "Point", "coordinates": [726975.018, 4373093.228]}, "type": "Feature", "properties": {"available": "31", "name": "088_AVDA. BLASCO IBA\u00d1EZ 3", "updated_at": "09/04/2018 05:09:16", "free": "9", "number": "88", "address": "Blasco Iba\u00f1ez, 28 (F. Geograf\u00eda e Historia)", "ticket": "T", "total": "40", "open": "T"}}, {"geometry": {"type": "Point", "coordinates": [727130.984, 4373130.018]}, "type": "Feature", "properties": {"available": "20", "name": "89_AVDA. BLASCO IBA\u00d1EZ", "updated_at": "09/04/2018 05:09:16", "free": "10", "number": "89", "address": "Blasco Iba\u00f1ez, 23 (F. Filosof\u00eda y Psicolog\u00eda)", "ticket": "F", "total": "30", "open": "T"}}, {"geometry": {"type": "Point", "coordinates": [723868.082, 4372934.044]}, "type": "Feature", "properties": {"available": "17", "name": "222_AVDA_MAESTRO_RODRIGO_ESQ_AVDA_MANUEL_DE_FALLA", "updated_at": "09/04/2018 05:09:16", "free": "3", "number": "222", "address": "Maestro Rodrigo - Manuel de Falla", "ticket": "F", "total": "20", "open": "T"}}, {"geometry": {"type": "Point", "coordinates": [723526.821, 4373109.163]}, "type": "Feature", "properties": {"available": "9", "name": "223_CALLE_VALLE_BALLESTERA_ESQ_PLAZA_POLICIA_LOCAL", "updated_at": "09/04/2018 05:09:16", "free": "11", "number": "223", "address": "Valle de la Ballestera - Hospital Nueve de Octubre", "ticket": "T", "total": "20", "open": "T"}}, {"geometry": {"type": "Point", "coordinates": [723313.847, 4373326.321]}, "type": "Feature", "properties": {"available": "5", "name": "224_PLAZA_JOSE_MONFORTE_TUDELA_ESQ_CALLE_HERNANDEZ", "updated_at": "09/04/2018 05:09:16", "free": "15", "number": "224", "address": "Jorge Comin (Metge) - Terrateig", "ticket": "F", "total": "20", "open": "T"}}, {"geometry": {"type": "Point", "coordinates": [724930.138, 4369721.913]}, "type": "Feature", "properties": {"available": "2", "name": "255_SAN_VICENTE_MARTIR_TOMAS_DE_VILLAROYA", "updated_at": "09/04/2018 05:09:16", "free": "16", "number": "255", "address": "Tomas de Villarroya - San Vicente", "ticket": "F", "total": "18", "open": "T"}}, {"geometry": {"type": "Point", "coordinates": [724343.803, 4371511.339]}, "type": "Feature", "properties": {"available": "10", "name": "256_AVDA_TRES_FORQUES_TURIS", "updated_at": "09/04/2018 05:09:16", "free": "5", "number": "256", "address": "Tres Forques - Tur\u00eds", "ticket": "F", "total": "15", "open": "T"}}, {"geometry": {"type": "Point", "coordinates": [724673.385, 4369442.063]}, "type": "Feature", "properties": {"available": "2", "name": "257_PLAZA_SALVADOR_SORIA_ESQ_PIO_X", "updated_at": "09/04/2018 05:09:16", "free": "18", "number": "257", "address": "Plaza Salvador Soria, 8", "ticket": "F", "total": "20", "open": "T"}}, {"geometry": {"type": "Point", "coordinates": [727164.655, 4373012.352]}, "type": "Feature", "properties": {"available": "20", "name": "90_AVDA. BLASCO IBA\u00d1EZ", "updated_at": "09/04/2018 05:09:16", "free": "20", "number": "90", "address": "Blasco Iba\u00f1ez, 32 (F. Filolog\u00eda)", "ticket": "F", "total": "40", "open": "T"}}, {"geometry": {"type": "Point", "coordinates": [726530.086, 4369370.981]}, "type": "Feature", "properties": {"available": "14", "name": "091_CALLE_GRABADOR_JORDAN_46_PLAZA_ESCULTOR_PASTOR", "updated_at": "09/04/2018 05:09:16", "free": "1", "number": "91", "address": "Grabador Jordan - Escultor Pastor", "ticket": "F", "total": "15", "open": "T"}}, {"geometry": {"type": "Point", "coordinates": [727425.494, 4372922.905]}, "type": "Feature", "properties": {"available": "0", "name": "092_AVDA. DE ARAGON, 4 - ESQ AVDA BLASCO IBA\u00d1EZ", "updated_at": "09/04/2018 05:09:16", "free": "20", "number": "92", "address": "Blasco Iba\u00f1ez - Arag\u00f3n", "ticket": "T", "total": "20", "open": "T"}}, {"geometry": {"type": "Point", "coordinates": [728483.208, 4372556.514]}, "type": "Feature", "properties": {"available": "32", "name": "93_AVADA_BLASCO_IBA\u00d1EZ_DESP_C_POETA_DURAN_TORTAJAD", "updated_at": "09/04/2018 05:09:16", "free": "6", "number": "93", "address": "Blasco Iba\u00f1ez - Poeta Dur\u00e1n Tortajada", "ticket": "T", "total": "38", "open": "T"}}, {"geometry": {"type": "Point", "coordinates": [724529.022, 4374710.606]}, "type": "Feature", "properties": {"available": "11", "name": "206_CALLE_PERIODISTA_GIL_SUMBIELA", "updated_at": "09/04/2018 05:09:16", "free": "4", "number": "206", "address": "Periodista Gil Sumbiela - Poeta Serrano Clavero", "ticket": "F", "total": "15", "open": "T"}}, {"geometry": {"type": "Point", "coordinates": [724697.936, 4370158.341]}, "type": "Feature", "properties": {"available": "14", "name": "208_CALLE_CARTEROS_ESQ_CALLE_MOSSEN_FEBRER", "updated_at": "09/04/2018 05:09:16", "free": "6", "number": "208", "address": "Carteros - Mossen Febrer", "ticket": "F", "total": "20", "open": "T"}}, {"geometry": {"type": "Point", "coordinates": [723623.032, 4371598.159]}, "type": "Feature", "properties": {"available": "4", "name": "214_CALLE_SANTA_CRUZ_DE_TENERIFE_ESQ_CALLE_LLOMBA", "updated_at": "09/04/2018 05:09:16", "free": "11", "number": "214", "address": "Santa Cruz de Tenerife, 21", "ticket": "T", "total": "15", "open": "T"}}, {"geometry": {"type": "Point", "coordinates": [723510.284, 4372471.323]}, "type": "Feature", "properties": {"available": "6", "name": "219_CALLE_CASTAN_TOBE\u00d1AS_ESQ_CALLE_VELAZQUEZ", "updated_at": "09/04/2018 05:09:16", "free": "12", "number": "219", "address": "Cast\u00e1n Tobe\u00f1as - Rincon de Ademuz", "ticket": "F", "total": "18", "open": "T"}}, {"geometry": {"type": "Point", "coordinates": [723788.443, 4372594.236]}, "type": "Feature", "properties": {"available": "16", "name": "220_CALLE_CASTAN_TOBE\u00d1AS_ESQ_CALLE_DE_GOYA", "updated_at": "09/04/2018 05:09:16", "free": "0", "number": "220", "address": "Cast\u00e1n Tobe\u00f1as - Patriques", "ticket": "T", "total": "16", "open": "T"}}, {"geometry": {"type": "Point", "coordinates": [723394.032, 4372740.052]}, "type": "Feature", "properties": {"available": "12", "name": "221_AVDA_MANUEL_DE_FALLA_ESQ_CALLE_HERNANDEZ_LAZAR", "updated_at": "09/04/2018 05:09:16", "free": "8", "number": "221", "address": "Manuel de Falla - Hern\u00e1ndez L\u00e1zaro", "ticket": "T", "total": "20", "open": "T"}}, {"geometry": {"type": "Point", "coordinates": [727325.931, 4372577.687]}, "type": "Feature", "properties": {"available": "0", "name": "079_AVDA. ARAGON II", "updated_at": "09/04/2018 05:09:16", "free": "20", "number": "79", "address": "Arag\u00f3n - Ernesto Ferrer", "ticket": "F", "total": "20", "open": "T"}}, {"geometry": {"type": "Point", "coordinates": [729243.245, 4372024.795]}, "type": "Feature", "properties": {"available": "8", "name": "84_SERRERIA_ESQ_PINTOR FERRER CALATAYUD", "updated_at": "09/04/2018 05:09:16", "free": "7", "number": "84", "address": "Serrer\u00eda, 67", "ticket": "F", "total": "15", "open": "T"}}, {"geometry": {"type": "Point", "coordinates": [726661.312, 4373300.906]}, "type": "Feature", "properties": {"available": "17", "name": "085_AVDA_BLASCO IBA\u00d1EZ 1", "updated_at": "09/04/2018 05:09:16", "free": "6", "number": "85", "address": "Blasco Iba\u00f1ez - Jaime Roig", "ticket": "F", "total": "23", "open": "T"}}, {"geometry": {"type": "Point", "coordinates": [724461.496, 4370545.659]}, "type": "Feature", "properties": {"available": "9", "name": "86_AVDA_GASPAR_AGUILAR_ESQ_VICENTE_PARRA", "updated_at": "09/04/2018 05:09:16", "free": "11", "number": "86", "address": "Gaspar Aguilar - Vicente Parra", "ticket": "T", "total": "20", "open": "T"}}, {"geometry": {"type": "Point", "coordinates": [726908.261, 4373203.037]}, "type": "Feature", "properties": {"available": "27", "name": "87_AVDA BLASCO IBA\u00d1EZ 2", "updated_at": "09/04/2018 05:09:16", "free": "6", "number": "87", "address": "Blasco Iba\u00f1ez - Doctor G\u00f3mez Ferrer (Cl\u00ednico)", "ticket": "T", "total": "33", "open": "T"}}, {"geometry": {"type": "Point", "coordinates": [727804.295, 4372880.486]}, "type": "Feature", "properties": {"available": "19", "name": "094_AVDA. BLASCO IBA\u00d1EZ 5", "updated_at": "09/04/2018 05:09:16", "free": "0", "number": "94", "address": "Blasco Iba\u00f1ez - Clariano", "ticket": "F", "total": "20", "open": "T"}}, {"geometry": {"type": "Point", "coordinates": [728259.769, 4373389.066]}, "type": "Feature", "properties": {"available": "0", "name": "95_AVDA. DE LOS NARANJOS", "updated_at": "09/04/2018 05:09:16", "free": "0", "number": "95", "address": "Naranjos (Magisterio)", "ticket": "F", "total": "36", "open": "T"}}, {"geometry": {"type": "Point", "coordinates": [728100.083, 4372686.544]}, "type": "Feature", "properties": {"available": "19", "name": "096_AVDA. BLASCO IBA\u00d1EZ 6", "updated_at": "09/04/2018 05:09:16", "free": "1", "number": "96", "address": "Blasco Iba\u00f1ez - Yecla", "ticket": "T", "total": "21", "open": "T"}}, {"geometry": {"type": "Point", "coordinates": [723757.412, 4373447.885]}, "type": "Feature", "properties": {"available": "2", "name": "145_PLAZA_BADAJOZ", "updated_at": "09/04/2018 05:09:16", "free": "12", "number": "145", "address": "Plaza Badajoz", "ticket": "F", "total": "15", "open": "T"}}, {"geometry": {"type": "Point", "coordinates": [724386.193, 4373861.911]}, "type": "Feature", "properties": {"available": "14", "name": "146_AVDA. CAMPANAR", "updated_at": "09/04/2018 05:09:16", "free": "12", "number": "146", "address": "Av. Campanar (La Fe)", "ticket": "T", "total": "26", "open": "T"}}, {"geometry": {"type": "Point", "coordinates": [725348.881, 4372566.811]}, "type": "Feature", "properties": {"available": "11", "name": "147_CALLE_PIE_DE_LA_CRUZ_CALLE_DE_LA_REJA", "updated_at": "09/04/2018 05:09:16", "free": "4", "number": "147", "address": "Pie de la Cruz - Rejas", "ticket": "F", "total": "15", "open": "T"}}, {"geometry": {"type": "Point", "coordinates": [726966.242, 4371473.377]}, "type": "Feature", "properties": {"available": "9", "name": "149_AVDA. PERIS Y VALERO", "updated_at": "09/04/2018 05:09:16", "free": "11", "number": "149", "address": "Peris y Valero - Salamanca", "ticket": "F", "total": "20", "open": "T"}}, {"geometry": {"type": "Point", "coordinates": [724687.984, 4368840.015]}, "type": "Feature", "properties": {"available": "12", "name": "258_PINTOR_RAFAEL_SOLVES_ESQ_JOSE_SOTO_MICO", "updated_at": "09/04/2018 05:09:16", "free": "3", "number": "258", "address": "Pintor Rafael Solves - Jose Soto Mico", "ticket": "T", "total": "15", "open": "T"}}, {"geometry": {"type": "Point", "coordinates": [724336.117, 4369455.518]}, "type": "Feature", "properties": {"available": "14", "name": "259_CALLE_PIO_IX_POLIDEPORTIVO_RAMBLETA", "updated_at": "09/04/2018 05:09:16", "free": "6", "number": "259", "address": "Pio IX - M\u00fasico Cabanilles", "ticket": "T", "total": "20", "open": "T"}}, {"geometry": {"type": "Point", "coordinates": [727903.805, 4373027.62]}, "type": "Feature", "properties": {"available": "8", "name": "261_PZA_XUQUER_ESQ_VINALOPO", "updated_at": "09/04/2018 05:09:16", "free": "11", "number": "261", "address": "Plaza Xuquer - Vinalop\u00f3", "ticket": "F", "total": "19", "open": "T"}}, {"geometry": {"type": "Point", "coordinates": [722883.536, 4371414.658]}, "type": "Feature", "properties": {"available": "12", "name": "262_AVDA_TRES_FORQUES_COLONIA_ESPANOLA_DE_MEXICO", "updated_at": "09/04/2018 05:09:16", "free": "8", "number": "262", "address": "Tres Forques - Colonia Espa\u00f1ola de Mexico", "ticket": "T", "total": "20", "open": "T"}}, {"geometry": {"type": "Point", "coordinates": [728538.878, 4372645.481]}, "type": "Feature", "properties": {"available": "2", "name": "097_AVDA. BLASCO IBA\u00d1EZ 7", "updated_at": "09/04/2018 05:09:16", "free": "21", "number": "97", "address": "Blasco Iba\u00f1ez 121", "ticket": "F", "total": "23", "open": "T"}}, {"geometry": {"type": "Point", "coordinates": [728093.128, 4372255.939]}, "type": "Feature", "properties": {"available": "8", "name": "098_SANTOS JUSTO Y PASTOR", "updated_at": "09/04/2018 05:09:16", "free": "7", "number": "98", "address": "Justo y Pastor - Duque de Gaeta", "ticket": "T", "total": "15", "open": "T"}}, {"geometry": {"type": "Point", "coordinates": [728772.337, 4372460.834]}, "type": "Feature", "properties": {"available": "18", "name": "099_AVDA. BLASCO IBA\u00d1EZ 8", "updated_at": "09/04/2018 05:09:16", "free": "2", "number": "99", "address": "Blasco Iba\u00f1ez - Pintor Jos\u00e9 Mongrell", "ticket": "T", "total": "21", "open": "T"}}, {"geometry": {"type": "Point", "coordinates": [728972.186, 4372498.957]}, "type": "Feature", "properties": {"available": "12", "name": "100_AVDA. BLASCO IBA\u00d1EZ 9", "updated_at": "09/04/2018 05:09:16", "free": "8", "number": "100", "address": "Blasco Iba\u00f1ez - Mestre Ripoll", "ticket": "F", "total": "20", "open": "T"}}, {"geometry": {"type": "Point", "coordinates": [724493.172, 4374186.525]}, "type": "Feature", "properties": {"available": "8", "name": "140_AVENIDA_CAMPANAR", "updated_at": "09/04/2018 05:09:16", "free": "12", "number": "140", "address": "Campanar - Nicasio Benlloch", "ticket": "F", "total": "20", "open": "T"}}, {"geometry": {"type": "Point", "coordinates": [724890.673, 4373671.905]}, "type": "Feature", "properties": {"available": "17", "name": "141_C/ GREGORIO GEA (PEATONAL)", "updated_at": "09/04/2018 05:09:16", "free": "3", "number": "141", "address": "Gregorio Gea - Padre Ferris", "ticket": "T", "total": "20", "open": "T"}}, {"geometry": {"type": "Point", "coordinates": [724507.676, 4373511.035]}, "type": "Feature", "properties": {"available": "24", "name": "142_C/ GREGORIO GEA (PEATONAL)", "updated_at": "09/04/2018 05:09:16", "free": "1", "number": "142", "address": "Gregorio Gea - Profesor Beltr\u00e1n B\u00e1guena", "ticket": "F", "total": "25", "open": "T"}}, {"geometry": {"type": "Point", "coordinates": [724405.493, 4373243.332]}, "type": "Feature", "properties": {"available": "6", "name": "143_AVDA. MENENDEZ PIDAL", "updated_at": "09/04/2018 05:09:16", "free": "24", "number": "143", "address": "Pio XII - Men\u00e9ndez PIdal (Nuevo Centro)", "ticket": "T", "total": "30", "open": "T"}}, {"geometry": {"type": "Point", "coordinates": [724017.044, 4373147.877]}, "type": "Feature", "properties": {"available": "7", "name": "144_CALLE_MARQUES_DE_SAN_JUAN", "updated_at": "09/04/2018 05:09:16", "free": "8", "number": "144", "address": "Marqu\u00e9s de San Juan - Diputat Llu\u00eds Luc\u00eda", "ticket": "F", "total": "15", "open": "T"}}, {"geometry": {"type": "Point", "coordinates": [729303.307, 4372334.766]}, "type": "Feature", "properties": {"available": "11", "name": "101_AVDA. BLASCO IBA\u00d1EZ 10", "updated_at": "09/04/2018 05:09:16", "free": "19", "number": "101", "address": "Marino Blas de Lezo (estaci\u00f3n Caba\u00f1al Adif)", "ticket": "T", "total": "30", "open": "T"}}, {"geometry": {"type": "Point", "coordinates": [728221.158, 4372943.306]}, "type": "Feature", "properties": {"available": "13", "name": "102_AVDA.RAMON LLUL", "updated_at": "09/04/2018 05:09:16", "free": "7", "number": "102", "address": "Ram\u00f3n Llull - Serpis", "ticket": "F", "total": "20", "open": "T"}}, {"geometry": {"type": "Point", "coordinates": [726623.813, 4374211.594]}, "type": "Feature", "properties": {"available": "14", "name": "123_C_ALBOCACER", "updated_at": "09/04/2018 05:09:16", "free": "6", "number": "123", "address": "Alboc\u00e1cer - Vinaroz", "ticket": "F", "total": "20", "open": "T"}}, {"geometry": {"type": "Point", "coordinates": [726869.344, 4374310.996]}, "type": "Feature", "properties": {"available": "22", "name": "124_C/ AZAGADOR DE ALBORAYA", "updated_at": "09/04/2018 05:09:16", "free": "3", "number": "124", "address": "Azagador de Alboraya - Dolores Marqu\u00e9s", "ticket": "T", "total": "25", "open": "T"}}, {"geometry": {"type": "Point", "coordinates": [726034.021, 4371222.938]}, "type": "Feature", "properties": {"available": "0", "name": "152_C/ LITERATO AZOR\u00cdN", "updated_at": "09/04/2018 05:09:16", "free": "15", "number": "152", "address": "Reina Do\u00f1a Mar\u00eda - C\u00e1diz", "ticket": "T", "total": "15", "open": "T"}}, {"geometry": {"type": "Point", "coordinates": [726849.289, 4371694.26]}, "type": "Feature", "properties": {"available": "10", "name": "155_C/ SALAMANCA", "updated_at": "09/04/2018 05:09:16", "free": "10", "number": "155", "address": "Salamanca - Reina Do\u00f1a Germana", "ticket": "F", "total": "20", "open": "T"}}, {"geometry": {"type": "Point", "coordinates": [725720.691, 4371218.14]}, "type": "Feature", "properties": {"available": "1", "name": "156_C/ CUBA", "updated_at": "09/04/2018 05:09:16", "free": "13", "number": "156", "address": "Puerto Rico - Cuba", "ticket": "F", "total": "15", "open": "T"}}, {"geometry": {"type": "Point", "coordinates": [724762.45, 4371533.357]}, "type": "Feature", "properties": {"available": "4", "name": "157_AVENIDA_PEREZ_GALDOS", "updated_at": "09/04/2018 05:09:16", "free": "16", "number": "157", "address": "P\u00e9rez Gald\u00f3s - Marqu\u00e9s de Zenete", "ticket": "T", "total": "20", "open": "T"}}, {"geometry": {"type": "Point", "coordinates": [727152.481, 4374451.727]}, "type": "Feature", "properties": {"available": "8", "name": "125_C/ MASQUEFA", "updated_at": "09/04/2018 05:09:16", "free": "7", "number": "125", "address": "Masquefa, 42 - 44", "ticket": "F", "total": "15", "open": "T"}}, {"geometry": {"type": "Point", "coordinates": [726648.299, 4374536.718]}, "type": "Feature", "properties": {"available": "10", "name": "127_C/ DUQUE DE MANDAS", "updated_at": "09/04/2018 05:09:16", "free": "10", "number": "127", "address": "Alfahuir - Duque de Mandas", "ticket": "F", "total": "20", "open": "T"}}, {"geometry": {"type": "Point", "coordinates": [726387.768, 4374326.342]}, "type": "Feature", "properties": {"available": "12", "name": "128_C/ ALFAUIR", "updated_at": "09/04/2018 05:09:16", "free": "13", "number": "128", "address": "Alfahuir - Pe\u00f1iscola", "ticket": "T", "total": "25", "open": "T"}}, {"geometry": {"type": "Point", "coordinates": [726190.306, 4374010.496]}, "type": "Feature", "properties": {"available": "17", "name": "129_C_ALMAZORA", "updated_at": "09/04/2018 05:09:16", "free": "3", "number": "129", "address": "Almazora - Benimuslem", "ticket": "T", "total": "20", "open": "T"}}, {"geometry": {"type": "Point", "coordinates": [726176.386, 4373706.014]}, "type": "Feature", "properties": {"available": "13", "name": "130_C/ CONVENTO CARMELITAS", "updated_at": "09/04/2018 05:09:16", "free": "2", "number": "130", "address": "Convento Carmelitas - Alboraya", "ticket": "F", "total": "15", "open": "T"}}, {"geometry": {"type": "Point", "coordinates": [726102.788, 4373416.677]}, "type": "Feature", "properties": {"available": "8", "name": "131_C/ ALBORAYA", "updated_at": "09/04/2018 05:09:16", "free": "12", "number": "131", "address": "Alboraya - Flora", "ticket": "T", "total": "20", "open": "T"}}, {"geometry": {"type": "Point", "coordinates": [725892.434, 4373925.255]}, "type": "Feature", "properties": {"available": "9", "name": "132_C/ RUAYA", "updated_at": "09/04/2018 05:09:16", "free": "6", "number": "132", "address": "Platero Su\u00e1rez - Milagrosa", "ticket": "F", "total": "15", "open": "T"}}, {"geometry": {"type": "Point", "coordinates": [725690.054, 4373638.278]}, "type": "Feature", "properties": {"available": "7", "name": "133_C/ ALFAMBRA", "updated_at": "09/04/2018 05:09:16", "free": "8", "number": "133", "address": "Alfambra - Poeta Monmeneu", "ticket": "F", "total": "15", "open": "T"}}, {"geometry": {"type": "Point", "coordinates": [725892.931, 4374188.571]}, "type": "Feature", "properties": {"available": "20", "name": "134_C/ MAXIMILIANO THOUS", "updated_at": "09/04/2018 05:09:16", "free": "0", "number": "134", "address": "Maximiliano Thous - Luz Casanova", "ticket": "F", "total": "20", "open": "T"}}, {"geometry": {"type": "Point", "coordinates": [725455.253, 4373958.731]}, "type": "Feature", "properties": {"available": "17", "name": "135_AVDA. CONSTITUCI\u00d3N", "updated_at": "09/04/2018 05:09:16", "free": "3", "number": "135", "address": "Constituci\u00f3n - Reus", "ticket": "T", "total": "20", "open": "T"}}, {"geometry": {"type": "Point", "coordinates": [725690.205, 4374436.518]}, "type": "Feature", "properties": {"available": "20", "name": "136_CALLE_ECONOMISTA_GAY", "updated_at": "09/04/2018 05:09:16", "free": "0", "number": "136", "address": "Economista Gay - Constituci\u00f3n", "ticket": "F", "total": "20", "open": "T"}}, {"geometry": {"type": "Point", "coordinates": [725324.503, 4374324.99]}, "type": "Feature", "properties": {"available": "16", "name": "137_CALLE_ECONOMISTA_GAY", "updated_at": "09/04/2018 05:09:16", "free": "4", "number": "137", "address": "Economista Gay - Luis Crumiere", "ticket": "T", "total": "20", "open": "T"}}, {"geometry": {"type": "Point", "coordinates": [724955.142, 4374220.596]}, "type": "Feature", "properties": {"available": "15", "name": "138_SAN_PANCRACIO", "updated_at": "09/04/2018 05:09:16", "free": "5", "number": "138", "address": "San Pancracio - Periodista Llorente", "ticket": "F", "total": "20", "open": "T"}}, {"geometry": {"type": "Point", "coordinates": [725079.185, 4373948.236]}, "type": "Feature", "properties": {"available": "7", "name": "139_C/ REUS", "updated_at": "09/04/2018 05:09:16", "free": "8", "number": "139", "address": "Reus - Alquer\u00eda de la Estrella", "ticket": "F", "total": "15", "open": "T"}}, {"geometry": {"type": "Point", "coordinates": [727913.087, 4372032.997]}, "type": "Feature", "properties": {"available": "17", "name": "150_DR. MANUEL CANDELA", "updated_at": "09/04/2018 05:09:16", "free": "7", "number": "150", "address": "Manuel Candela - Rodriguez de Cepeda", "ticket": "F", "total": "25", "open": "T"}}, {"geometry": {"type": "Point", "coordinates": [729083.914, 4371728.444]}, "type": "Feature", "properties": {"available": "7", "name": "151_JERONIMO MONSORIU", "updated_at": "09/04/2018 05:09:16", "free": "13", "number": "151", "address": "Jer\u00f3nimo Monsoriu - Alcalde Cano Coloma", "ticket": "F", "total": "20", "open": "T"}}, {"geometry": {"type": "Point", "coordinates": [725857.325, 4370607.531]}, "type": "Feature", "properties": {"available": "6", "name": "182_AVDA_AUSIAS_MARCH", "updated_at": "09/04/2018 05:09:16", "free": "15", "number": "182", "address": "Ausias March - Pianista Amparo Iturbi", "ticket": "F", "total": "21", "open": "T"}}, {"geometry": {"type": "Point", "coordinates": [724409.686, 4371249.394]}, "type": "Feature", "properties": {"available": "7", "name": "199_CALLE_BEATO_NICOLAS_FACTOR", "updated_at": "09/04/2018 05:09:16", "free": "8", "number": "199", "address": "Beato Nicol\u00e1s Factor - Convento de Jes\u00fas", "ticket": "F", "total": "15", "open": "T"}}, {"geometry": {"type": "Point", "coordinates": [726097.133, 4370302.116]}, "type": "Feature", "properties": {"available": "18", "name": "183_AVDA_AUSIAS_MARCH", "updated_at": "09/04/2018 05:09:16", "free": "0", "number": "183", "address": "Ausias March - Av. de la Plata", "ticket": "T", "total": "18", "open": "T"}}, {"geometry": {"type": "Point", "coordinates": [726674.382, 4370336.97]}, "type": "Feature", "properties": {"available": "4", "name": "184_CALLE_BOMBER_RAMON_DUART", "updated_at": "09/04/2018 05:09:16", "free": "10", "number": "184", "address": "Bombero Ram\u00f3n Duart - Hermanos Maristas", "ticket": "F", "total": "15", "open": "T"}}, {"geometry": {"type": "Point", "coordinates": [725260.252, 4370585.826]}, "type": "Feature", "properties": {"available": "8", "name": "207_CALLE_MILLARES_ESQ_CALLE_FEDERICO_GARCA_LORCA", "updated_at": "09/04/2018 05:09:16", "free": "7", "number": "207", "address": "Giorgeta, 64", "ticket": "F", "total": "15", "open": "T"}}, {"geometry": {"type": "Point", "coordinates": [726258.742, 4370020.644]}, "type": "Feature", "properties": {"available": "15", "name": "185_AVDA_AUSIAS_MARCH", "updated_at": "09/04/2018 05:09:16", "free": "0", "number": "185", "address": "Ebanista Caselles - Ausias March", "ticket": "F", "total": "15", "open": "T"}}, {"geometry": {"type": "Point", "coordinates": [726522.722, 4374983.326]}, "type": "Feature", "properties": {"available": "1", "name": "232_SAN_VICENTE_DE_PAUL_SANTIAGO_RUSI\u00d1OL", "updated_at": "09/04/2018 05:09:16", "free": "14", "number": "232", "address": "San Vicente Paul - Santiago Rusi\u00f1ol", "ticket": "T", "total": "15", "open": "T"}}, {"geometry": {"type": "Point", "coordinates": [726197.725, 4375253.346]}, "type": "Feature", "properties": {"available": "4", "name": "233_SAN_JUAN_BOSCO_SANTIAGO_RUSI\u00d1OL", "updated_at": "09/04/2018 05:09:16", "free": "11", "number": "233", "address": "San Juan Bosco - Santiago Rusi\u00f1ol", "ticket": "T", "total": "15", "open": "T"}}, {"geometry": {"type": "Point", "coordinates": [722954.913, 4372250.029]}, "type": "Feature", "properties": {"available": "13", "name": "265_C_ALCASSER_POETA_ALBERTO_LISTA", "updated_at": "09/04/2018 05:09:16", "free": "2", "number": "265", "address": "Alcasser - Poeta Alberto Lista", "ticket": "F", "total": "15", "open": "T"}}, {"geometry": {"type": "Point", "coordinates": [723043.372, 4374398.48]}, "type": "Feature", "properties": {"available": "12", "name": "266_PLANA_ALTA_ESQ_AVDA_MAESTRO_RODRIGO", "updated_at": "09/04/2018 05:09:16", "free": "6", "number": "266", "address": "Canal de Navarr\u00e9s - Maestro Rodrigo", "ticket": "T", "total": "18", "open": "T"}}, {"geometry": {"type": "Point", "coordinates": [723068.981, 4374830.155]}, "type": "Feature", "properties": {"available": "9", "name": "267_C_BENIFERRI_VICENTE_TOMAS_MARTI", "updated_at": "09/04/2018 05:09:16", "free": "7", "number": "267", "address": "Beniferri - Vicent Tom\u00e1s Mart\u00ed", "ticket": "F", "total": "16", "open": "T"}}, {"geometry": {"type": "Point", "coordinates": [725955.382, 4370050.348]}, "type": "Feature", "properties": {"available": "7", "name": "186_CALLE_INGENIERO_JOAQUIN_BENLLOCH", "updated_at": "09/04/2018 05:09:16", "free": "7", "number": "186", "address": "Benifair\u00f3 de Valldigna - Joaqu\u00edn Benlloch", "ticket": "F", "total": "14", "open": "T"}}, {"geometry": {"type": "Point", "coordinates": [726410.505, 4369793.547]}, "type": "Feature", "properties": {"available": "6", "name": "187_AVDA_AUSIAS_MARCH", "updated_at": "09/04/2018 05:09:16", "free": "9", "number": "187", "address": "\u00c1ngel Villena - Ausias March", "ticket": "T", "total": "15", "open": "T"}}, {"geometry": {"type": "Point", "coordinates": [725993.732, 4369396.438]}, "type": "Feature", "properties": {"available": "3", "name": "188_HOSPITAL_NUEVA_FE", "updated_at": "09/04/2018 05:09:16", "free": "36", "number": "188", "address": "Hospital Nueva Fe (consultas externas)", "ticket": "F", "total": "40", "open": "T"}}, {"geometry": {"type": "Point", "coordinates": [725811.479, 4369410.682]}, "type": "Feature", "properties": {"available": "2", "name": "189_HOSPITAL_NUEVA_FE", "updated_at": "09/04/2018 05:09:16", "free": "28", "number": "189", "address": "Hospital Nueva Fe (administraci\u00f3n)", "ticket": "T", "total": "30", "open": "T"}}, {"geometry": {"type": "Point", "coordinates": [725428.757, 4369556.305]}, "type": "Feature", "properties": {"available": "6", "name": "190_CTRA_MALILLA", "updated_at": "09/04/2018 05:09:16", "free": "12", "number": "190", "address": "Cra. Malilla - Bulevar Sur", "ticket": "T", "total": "18", "open": "T"}}, {"geometry": {"type": "Point", "coordinates": [725538.115, 4370031.311]}, "type": "Feature", "properties": {"available": "5", "name": "191_CTRA_MALILLA", "updated_at": "09/04/2018 05:09:16", "free": "9", "number": "191", "address": "Esparraguera - Cra. Malilla", "ticket": "F", "total": "15", "open": "T"}}, {"geometry": {"type": "Point", "coordinates": [725543.743, 4370287.886]}, "type": "Feature", "properties": {"available": "12", "name": "192_CTRA_MALILLA", "updated_at": "09/04/2018 05:09:16", "free": "8", "number": "192", "address": "Cra. Malilla - Olt\u00e1", "ticket": "T", "total": "20", "open": "T"}}, {"geometry": {"type": "Point", "coordinates": [724846.881, 4370546.384]}, "type": "Feature", "properties": {"available": "14", "name": "193_CALLE_CARTEROS", "updated_at": "09/04/2018 05:09:16", "free": "6", "number": "193", "address": "Uruguay - Carteros", "ticket": "T", "total": "20", "open": "T"}}, {"geometry": {"type": "Point", "coordinates": [725322.215, 4371212.544]}, "type": "Feature", "properties": {"available": "2", "name": "194_ESTACION_AVE_JOAQUIN_SOROLLA", "updated_at": "09/04/2018 05:09:16", "free": "38", "number": "194", "address": "Estaci\u00f3n AVE Joaqu\u00edn Sorolla", "ticket": "T", "total": "40", "open": "T"}}, {"geometry": {"type": "Point", "coordinates": [725042.932, 4371022.899]}, "type": "Feature", "properties": {"available": "12", "name": "195_CALLE_GIORGETA", "updated_at": "09/04/2018 05:09:16", "free": "4", "number": "195", "address": "Giorgeta - Roig de Corella", "ticket": "F", "total": "16", "open": "T"}}, {"geometry": {"type": "Point", "coordinates": [724716.63, 4371034.651]}, "type": "Feature", "properties": {"available": "7", "name": "196_AVDA_GASPAR_AGUILAR", "updated_at": "09/04/2018 05:09:16", "free": "8", "number": "196", "address": "Jer\u00f3nimo Mu\u00f1oz - Gaspar Aguilar", "ticket": "T", "total": "15", "open": "T"}}, {"geometry": {"type": "Point", "coordinates": [724353.939, 4370869.611]}, "type": "Feature", "properties": {"available": "3", "name": "197_CALLE_FONTANARS_DELS_AFORINS", "updated_at": "09/04/2018 05:09:16", "free": "12", "number": "197", "address": "Fontanars dels Aforins - Jacinto Labaila", "ticket": "F", "total": "15", "open": "T"}}, {"geometry": {"type": "Point", "coordinates": [724088.606, 4371161.449]}, "type": "Feature", "properties": {"available": "1", "name": "198_CALLE_FONTANARS_DELS_AFORINS", "updated_at": "09/04/2018 05:09:16", "free": "19", "number": "198", "address": "Fontanars dels Aforins - Vall d'Uix\u00f3", "ticket": "T", "total": "20", "open": "T"}}, {"geometry": {"type": "Point", "coordinates": [723616.945, 4370241.96]}, "type": "Feature", "properties": {"available": "5", "name": "253_PLAZA_JOSE_MELIA_CASTELLO_CAMPOS_CRESPO", "updated_at": "09/04/2018 05:09:16", "free": "10", "number": "253", "address": "Jos\u00e9 Meli\u00e1 Castell\u00f3 - Campos Crespo", "ticket": "F", "total": "15", "open": "T"}}, {"geometry": {"type": "Point", "coordinates": [724595.497, 4369713.435]}, "type": "Feature", "properties": {"available": "7", "name": "254_AVDA_DR_TOMAS_SALA_CARTEROS", "updated_at": "09/04/2018 05:09:16", "free": "12", "number": "254", "address": "Doctor Tom\u00e1s Sala - Carteros", "ticket": "T", "total": "19", "open": "T"}}, {"geometry": {"type": "Point", "coordinates": [723068.818, 4370984.943]}, "type": "Feature", "properties": {"available": "5", "name": "260_DELS_FERRERS_ESQ_TRAGINERS", "updated_at": "09/04/2018 05:09:16", "free": "15", "number": "260", "address": "Traginers - Pedrapiquers", "ticket": "F", "total": "20", "open": "T"}}, {"geometry": {"type": "Point", "coordinates": [724195.618, 4372367.93]}, "type": "Feature", "properties": {"available": "12", "name": "201_AVDA_PEREZ_GALDOS", "updated_at": "09/04/2018 05:09:16", "free": "8", "number": "201", "address": "Perez Gald\u00f3s - Nou Moles", "ticket": "F", "total": "20", "open": "T"}}, {"geometry": {"type": "Point", "coordinates": [724314.852, 4370190.576]}, "type": "Feature", "properties": {"available": "4", "name": "209_AVDA_GASPAR_AGUILAR_ESQ_CALLE_MUSICO_PENELLA", "updated_at": "09/04/2018 05:09:16", "free": "14", "number": "209", "address": "Gaspar Aguilar - M\u00fasico Penella", "ticket": "T", "total": "18", "open": "T"}}, {"geometry": {"type": "Point", "coordinates": [723985.229, 4370566.657]}, "type": "Feature", "properties": {"available": "8", "name": "210_CALLE_CAMPOS_CRESPO_ESQ_CALLE_JUAN_DE_GARAY", "updated_at": "09/04/2018 05:09:16", "free": "6", "number": "210", "address": "Campos Crespo - Juan de Garay", "ticket": "T", "total": "15", "open": "T"}}, {"geometry": {"type": "Point", "coordinates": [723885.477, 4370916.28]}, "type": "Feature", "properties": {"available": "3", "name": "211_CALLE_FRAY_JUN\u00cdPERO_SERRA_ESQ_CALLE_VALL_D'UIX", "updated_at": "09/04/2018 05:09:16", "free": "12", "number": "211", "address": "Fray Jun\u00edpero Serra - Vall d'Uix\u00f3", "ticket": "F", "total": "15", "open": "T"}}, {"geometry": {"type": "Point", "coordinates": [721965.27, 4375606.862]}, "type": "Feature", "properties": {"available": "7", "name": "268_PZA_LUIS_CANO_5", "updated_at": "09/04/2018 05:09:16", "free": "3", "number": "268", "address": "Plaza Luis Cano, 5", "ticket": "T", "total": "10", "open": "T"}}, {"geometry": {"type": "Point", "coordinates": [723649.564, 4371215.869]}, "type": "Feature", "properties": {"available": "7", "name": "212_CALLE_FRAY_JUAN\u00cdPERO_SERRA_ESQ_CALLE_TORRENTE", "updated_at": "09/04/2018 05:09:16", "free": "8", "number": "212", "address": "Fray Juan\u00edpero Serra - Torrente", "ticket": "T", "total": "15", "open": "T"}}, {"geometry": {"type": "Point", "coordinates": [723938.787, 4371410.971]}, "type": "Feature", "properties": {"available": "6", "name": "213_CALLE_ARCHIDUQUE_CARLOS_ESQ_CALLE_JOSE_MA_MOR", "updated_at": "09/04/2018 05:09:16", "free": "9", "number": "213", "address": "Archiduque Carlos - Jos\u00e9 Mar\u00eda Mortes Lerma", "ticket": "F", "total": "15", "open": "T"}}, {"geometry": {"type": "Point", "coordinates": [723950.022, 4371689.7]}, "type": "Feature", "properties": {"available": "5", "name": "215_CALLE_MUSICO_AYLLON_ESQ_CALLE_FRANCISCO_DOLZ", "updated_at": "09/04/2018 05:09:16", "free": "10", "number": "215", "address": "M\u00fasico Ayll\u00f3n - Francisco Dolz", "ticket": "T", "total": "15", "open": "T"}}, {"geometry": {"type": "Point", "coordinates": [723705.426, 4372070.459]}, "type": "Feature", "properties": {"available": "2", "name": "216_AVDA_DEL_CID_ESQ_CALLE_BURGOS", "updated_at": "09/04/2018 05:09:16", "free": "15", "number": "216", "address": "Av. del Cid - Burgos", "ticket": "F", "total": "17", "open": "T"}}, {"geometry": {"type": "Point", "coordinates": [723259.895, 4372187.155]}, "type": "Feature", "properties": {"available": "2", "name": "217_CALLE_9_DE_OCTUBRE_ESQ_CALLE_PINTOR_STOLZ", "updated_at": "09/04/2018 05:09:16", "free": "23", "number": "217", "address": "Pintor Stolz - Nueve de Octubre", "ticket": "T", "total": "25", "open": "T"}}, {"geometry": {"type": "Point", "coordinates": [723879.043, 4372250.791]}, "type": "Feature", "properties": {"available": "7", "name": "218_CALLE_SALVADOR_FERRANDIS_LUNA_ESQ_CALLE_JUAN_B", "updated_at": "09/04/2018 05:09:16", "free": "8", "number": "218", "address": "Salvador Ferrandis Luna - Juan Bautista Vives", "ticket": "T", "total": "15", "open": "T"}}, {"geometry": {"type": "Point", "coordinates": [724347.763, 4374932.654]}, "type": "Feature", "properties": {"available": "4", "name": "237_LEVANTE_UD_AVDA_ECUADOR", "updated_at": "09/04/2018 05:09:16", "free": "11", "number": "237", "address": "Levante U.D. - Ecuador", "ticket": "T", "total": "15", "open": "T"}}, {"geometry": {"type": "Point", "coordinates": [724051.437, 4375223.032]}, "type": "Feature", "properties": {"available": "4", "name": "238_SAN_JOSE_ARTESANO_FRANCISCO_MOROTE_GREUS", "updated_at": "09/04/2018 05:09:16", "free": "11", "number": "238", "address": "San Jose Artesano - Francisco Morote Greus", "ticket": "F", "total": "15", "open": "T"}}, {"geometry": {"type": "Point", "coordinates": [723572.961, 4375157.649]}, "type": "Feature", "properties": {"available": "3", "name": "239_LA_FLORISTA_TRANVIA_PALACIO_CONGRESOS", "updated_at": "09/04/2018 05:09:16", "free": "17", "number": "239", "address": "Florista - T4 (Palau de Congressos)", "ticket": "T", "total": "20", "open": "T"}}, {"geometry": {"type": "Point", "coordinates": [723443.17, 4374933.821]}, "type": "Feature", "properties": {"available": "6", "name": "240_CAMP_DEL_TURIA_AVDA_CORTES_VALENCIANAS", "updated_at": "09/04/2018 05:09:16", "free": "14", "number": "240", "address": "Camp del Turia - Corts Valencianes", "ticket": "F", "total": "20", "open": "T"}}, {"geometry": {"type": "Point", "coordinates": [723630.675, 4370645.181]}, "type": "Feature", "properties": {"available": "13", "name": "250_AVDA_TRES_CRUCES_PIO_XI", "updated_at": "09/04/2018 05:09:16", "free": "2", "number": "250", "address": "Tres Cruces - Pio XI", "ticket": "F", "total": "15", "open": "T"}}, {"geometry": {"type": "Point", "coordinates": [723322.006, 4370578.296]}, "type": "Feature", "properties": {"available": "6", "name": "251_ARQUITECTO_SEGURA_LAGO_CAMINO_NUEVO_DE_PICA\u00d1A", "updated_at": "09/04/2018 05:09:16", "free": "9", "number": "251", "address": "Arquitecto Segura del Lago - Camino Nuevo de Pica\u00f1a", "ticket": "T", "total": "15", "open": "T"}}, {"geometry": {"type": "Point", "coordinates": [723411.93, 4369965.202]}, "type": "Feature", "properties": {"available": "15", "name": "252_DE_LOS_GREMIOS_CAMPOS_CRESPO", "updated_at": "09/04/2018 05:09:16", "free": "5", "number": "252", "address": "Dels Gremis - Campos Crespo", "ticket": "T", "total": "20", "open": "T"}}, {"geometry": {"type": "Point", "coordinates": [729293.988, 4371599.114]}, "type": "Feature", "properties": {"available": "6", "name": "159_FRANCISCO CUBELLS", "updated_at": "09/04/2018 05:09:16", "free": "11", "number": "159", "address": "Francisco Cubells - San Jos\u00e9 de la Vega", "ticket": "F", "total": "17", "open": "T"}}, {"geometry": {"type": "Point", "coordinates": [728914.788, 4372019.751]}, "type": "Feature", "properties": {"available": "19", "name": "160_JOSE MARIA DE HARO", "updated_at": "09/04/2018 05:09:16", "free": "1", "number": "160", "address": "Jos\u00e9 Mar\u00eda de Haro - Justo y Pastor", "ticket": "F", "total": "20", "open": "T"}}, {"geometry": {"type": "Point", "coordinates": [730126.267, 4372896.898]}, "type": "Feature", "properties": {"available": "5", "name": "167_PAVIA 3", "updated_at": "09/04/2018 05:09:16", "free": "15", "number": "167", "address": "Pav\u00eda - Acequia de la Cadena", "ticket": "F", "total": "20", "open": "T"}}, {"geometry": {"type": "Point", "coordinates": [725070.824, 4374712.673]}, "type": "Feature", "properties": {"available": "8", "name": "175_CALLE_JUAN_XXIII", "updated_at": "09/04/2018 05:09:16", "free": "7", "number": "175", "address": "Juan XXIII - Domingo G\u00f3mez", "ticket": "T", "total": "15", "open": "T"}}, {"geometry": {"type": "Point", "coordinates": [725404.568, 4374658.835]}, "type": "Feature", "properties": {"available": "9", "name": "176_CAMINO_DE_MONCADA_52", "updated_at": "09/04/2018 05:09:16", "free": "11", "number": "176", "address": "Cno. Moncada - Pedro Patricio Mey", "ticket": "F", "total": "20", "open": "T"}}, {"geometry": {"type": "Point", "coordinates": [725861.045, 4374841.896]}, "type": "Feature", "properties": {"available": "11", "name": "177_CALLE_ALCUDIA", "updated_at": "09/04/2018 05:09:16", "free": "4", "number": "177", "address": "Alcudia de Crespins - Pedro Patricio Mey", "ticket": "T", "total": "15", "open": "T"}}, {"geometry": {"type": "Point", "coordinates": [726121.82, 4374701.859]}, "type": "Feature", "properties": {"available": "20", "name": "178_CALLE_REIG_GENOVES", "updated_at": "09/04/2018 05:09:16", "free": "0", "number": "178", "address": "Reig Genov\u00e9s - Ram\u00f3n Contreras Mongrell", "ticket": "F", "total": "20", "open": "T"}}, {"geometry": {"type": "Point", "coordinates": [726591.991, 4370633.414]}, "type": "Feature", "properties": {"available": "5", "name": "179_AVENIDA_DE_LA_PLATA_45", "updated_at": "09/04/2018 05:09:16", "free": "18", "number": "179", "address": "Av. de la Plata - Zapadores", "ticket": "F", "total": "23", "open": "T"}}, {"geometry": {"type": "Point", "coordinates": [726223.891, 4370683.656]}, "type": "Feature", "properties": {"available": "9", "name": "180_AVENIDA_DOCTOR_WAKSMAN", "updated_at": "09/04/2018 05:09:16", "free": "11", "number": "180", "address": "Doctor Waksman - Nieves", "ticket": "T", "total": "20", "open": "T"}}, {"geometry": {"type": "Point", "coordinates": [726431.916, 4370909.48]}, "type": "Feature", "properties": {"available": "1", "name": "181_CALLE_DEL_SALINAR", "updated_at": "09/04/2018 05:09:16", "free": "14", "number": "181", "address": "Zapadores, 23", "ticket": "T", "total": "15", "open": "T"}}, {"geometry": {"type": "Point", "coordinates": [724247.446, 4371927.825]}, "type": "Feature", "properties": {"available": "12", "name": "200_AVDA_DEL_CID", "updated_at": "09/04/2018 05:09:16", "free": "3", "number": "200", "address": "Av. del Cid - Juli\u00e1n Pe\u00f1a", "ticket": "F", "total": "15", "open": "T"}}, {"geometry": {"type": "Point", "coordinates": [724209.864, 4372869.384]}, "type": "Feature", "properties": {"available": "8", "name": "202_PASEO_PECHINA", "updated_at": "09/04/2018 05:09:16", "free": "11", "number": "202", "address": "Pechina - Teruel", "ticket": "T", "total": "20", "open": "T"}}, {"geometry": {"type": "Point", "coordinates": [723507.867, 4373780.853]}, "type": "Feature", "properties": {"available": "5", "name": "203_CALLE_REINA_VIOLANTE", "updated_at": "09/04/2018 05:09:16", "free": "10", "number": "203", "address": "Reina Violante - Escultor Garc\u00eda Mas", "ticket": "F", "total": "15", "open": "T"}}, {"geometry": {"type": "Point", "coordinates": [723899.147, 4373929.248]}, "type": "Feature", "properties": {"available": "0", "name": "204_AVDA_GENERAL_AVILES", "updated_at": "09/04/2018 05:09:16", "free": "20", "number": "204", "address": "Corts Valencianes - General Avil\u00e9s", "ticket": "T", "total": "20", "open": "T"}}, {"geometry": {"type": "Point", "coordinates": [724188.869, 4374320.244]}, "type": "Feature", "properties": {"available": "12", "name": "205_CALLE_NICASIO_BENLLOCH", "updated_at": "09/04/2018 05:09:16", "free": "12", "number": "205", "address": "Nicasio Benlloch - Amics dels Corpus", "ticket": "T", "total": "24", "open": "T"}}, {"geometry": {"type": "Point", "coordinates": [722836.087, 4371810.01]}, "type": "Feature", "properties": {"available": "3", "name": "263_PADRE ESTEBAN_PERNET_ANTES_CASA_MISERICORDIA", "updated_at": "09/04/2018 05:09:16", "free": "15", "number": "263", "address": "Padre Esteban Pernet - Casa Misericordia", "ticket": "F", "total": "18", "open": "T"}}, {"geometry": {"type": "Point", "coordinates": [722417.397, 4372033.167]}, "type": "Feature", "properties": {"available": "12", "name": "264_AVDA_CID_ANTES_MARCONI", "updated_at": "09/04/2018 05:09:16", "free": "8", "number": "264", "address": "Av. del Cid - Marconi", "ticket": "T", "total": "20", "open": "T"}}, {"geometry": {"type": "Point", "coordinates": [721301.976, 4375417.006]}, "type": "Feature", "properties": {"available": "1", "name": "269_CAMPAMENTO_81", "updated_at": "09/04/2018 05:09:16", "free": "14", "number": "269", "address": "Campamento, 81", "ticket": "F", "total": "15", "open": "T"}}, {"geometry": {"type": "Point", "coordinates": [724171.478, 4375518.246]}, "type": "Feature", "properties": {"available": "4", "name": "270_CALLE_NINOT_ESQ_PZA_REGINO_MAS", "updated_at": "09/04/2018 05:09:16", "free": "12", "number": "270", "address": "Ninot - Regino Mas", "ticket": "T", "total": "16", "open": "T"}}, {"geometry": {"type": "Point", "coordinates": [724431.858, 4375437.359]}, "type": "Feature", "properties": {"available": "0", "name": "271_CALLE_SALVADOR_CERVER\u00d3_CALLE_CARLOS_CORTINA", "updated_at": "09/04/2018 05:09:16", "free": "15", "number": "271", "address": "Salvador Cerver\u00f3 - Carlos Cortina", "ticket": "F", "total": "15", "open": "T"}}, {"geometry": {"type": "Point", "coordinates": [729455.38, 4373511.941]}, "type": "Feature", "properties": {"available": "15", "name": "272_VICENTE_LA_RODA_C_INGENIERO_FAUSTO_ELIO", "updated_at": "09/04/2018 05:09:16", "free": "0", "number": "272", "address": "Vicente la Roda - Ingeniero Fausto Elio", "ticket": "F", "total": "15", "open": "T"}}, {"geometry": {"type": "Point", "coordinates": [729461.936, 4370143.776]}, "type": "Feature", "properties": {"available": "11", "name": "273_CALLE_MORAIRA_CALLE_DALT_DE_LA_MAR", "updated_at": "09/04/2018 05:09:16", "free": "4", "number": "273", "address": "Moraira - Alta del Mar", "ticket": "T", "total": "15", "open": "T"}}, {"geometry": {"type": "Point", "coordinates": [729476.507, 4369895.897]}, "type": "Feature", "properties": {"available": "3", "name": "274_MANUEL_ANDRES_CASTELL_DE_POLOP", "updated_at": "09/04/2018 05:09:16", "free": "12", "number": "274", "address": "San Francisco de Paula - Castell de Pop", "ticket": "F", "total": "15", "open": "T"}}, {"geometry": {"type": "Point", "coordinates": [729301.066, 4370361.218]}, "type": "Feature", "properties": {"available": "7", "name": "275_CAMINO_DE_LAS_MORERAS_ESQ_RONDA_DE_NAZARET", "updated_at": "09/04/2018 05:09:16", "free": "13", "number": "275", "address": "Moreras - Rona de Nazaret", "ticket": "F", "total": "20", "open": "T"}}, {"geometry": {"type": "Point", "coordinates": [730241.616, 4371463.445]}, "type": "Feature", "properties": {"available": "13", "name": "276_EDIFICIO_VELES_E_VENTS", "updated_at": "09/04/2018 05:09:16", "free": "7", "number": "276", "address": "Veles e Vents", "ticket": "T", "total": "20", "open": "T"}}]}